i,j,k,x,y,z,dx,dy,dz,primary_material,primary_fraction,secondary_material,secondary_fraction,surface_material,total_fraction,cell_volume,remaining_volume
0,0,0,0.000000,0.000000,0.000000,5.000000,5.000000,5.000000,Silicon,1.000000,Empty,0.000000,Silicon,1.000000,125.000000,125.000000
1,0,0,5.000000,0.000000,0.000000,5.000000,5.000000,5.000000,Silicon,1.000000,Empty,0.000000,Silicon,1.000000,125.000000,125.000000
2,0,0,10.000000,0.000000,0.000000,5.000000,5.000000,5.000000,Silicon,1.000000,Empty,0.000000,Silicon,1.000000,125.000000,125.000000
3,0,0,15.000000,0.000000,0.000000,5.000000,5.000000,5.000000,Silicon,1.000000,Empty,0.000000,Silicon,1.000000,125.000000,125.000000
4,0,0,20.000000,0.000000,0.000000,5.000000,5.000000,5.000000,Silicon,1.000000,Empty,0.000000,Silicon,1.000000,125.000000,125.000000
5,0,0,25.000000,0.000000,0.000000,5.000000,5.000000,5.000000,Silicon,1.000000,Empty,0.000000,Silicon,1.000000,125.000000,125.000000
6,0,0,30.000000,0.000000,0.000000,5.000000,5.000000,5.000000,Silicon,1.000000,Empty,0.000000,Silicon,1.000000,125.000000,125.000000
7,0,0,35.000000,0.000000,0.000000,5.000000,5.000000,5.000000,Silicon,1.000000,Empty,0.000000,Silicon,1.000000,125.000000,125.000000
8,0,0,40.000000,0.000000,0.000000,5.000000,5.000000,5.000000,Silicon,1.000000,Empty,0.000000,Silicon,1.000000,125.000000,125.000000
9,0,0,45.000000,0.000000,0.000000,5.000000,5.000000,5.000000,Silicon,1.000000,Empty,0.000000,Silicon,1.000000,125.000000,125.000000
0,1,0,0.000000,5.000000,0.000000,5.000000,5.000000,5.000000,Silicon,1.000000,Empty,0.000000,Silicon,1.000000,125.000000,125.000000
1,1,0,5.000000,5.000000,0.000000,5.000000,5.000000,5.000000,Silicon,1.000000,Empty,0.000000,Silicon,1.000000,125.000000,125.000000
2,1,0,10.000000,5.000000,0.000000,5.000000,5.000000,5.000000,Silicon,1.000000,Empty,0.000000,Silicon,1.000000,125.000000,125.000000
3,1,0,15.000000,5.000000,0.000000,5.000000,5.000000,5.000000,Silicon,1.000000,Empty,0.000000,Silicon,1.000000,125.000000,125.000000
4,1,0,20.000000,5.000000,0.000000,5.000000,5.000000,5.000000,Silicon,1.000000,Empty,0.000000,Silicon,1.000000,125.000000,125.000000
5,1,0,25.000000,5.000000,0.000000,5.000000,5.000000,5.000000,Silicon,1.000000,Empty,0.000000,Silicon,1.000000,125.000000,125.000000
6,1,0,30.000000,5.000000,0.000000,5.000000,5.000000,5.000000,Silicon,1.000000,Empty,0.000000,Silicon,1.000000,125.000000,125.000000
7,1,0,35.000000,5.000000,0.000000,5.000000,5.000000,5.000000,Silicon,1.000000,Empty,0.000000,Silicon,1.000000,125.000000,125.000000
8,1,0,40.000000,5.000000,0.000000,5.000000,5.000000,5.000000,Silicon,1.000000,Empty,0.000000,Silicon,1.000000,125.000000,125.000000
9,1,0,45.000000,5.000000,0.000000,5.000000,5.000000,5.000000,Silicon,1.000000,Empty,0.000000,Silicon,1.000000,125.000000,125.000000
0,2,0,0.000000,10.000000,0.000000,5.000000,5.000000,5.000000,Silicon,1.000000,Empty,0.000000,Silicon,1.000000,125.000000,125.000000
1,2,0,5.000000,10.000000,0.000000,5.000000,5.000000,5.000000,Silicon,1.000000,Empty,0.000000,Silicon,1.000000,125.000000,125.000000
2,2,0,10.000000,10.000000,0.000000,5.000000,5.000000,5.000000,Silicon,1.000000,Empty,0.000000,Silicon,1.000000,125.000000,125.000000
3,2,0,15.000000,10.000000,0.000000,5.000000,5.000000,5.000000,Silicon,1.000000,Empty,0.000000,Silicon,1.000000,125.000000,125.000000
4,2,0,20.000000,10.000000,0.000000,5.000000,5.000000,5.000000,Silicon,1.000000,Empty,0.000000,Silicon,1.000000,125.000000,125.000000
5,2,0,25.000000,10.000000,0.000000,5.000000,5.000000,5.000000,Silicon,1.000000,Empty,0.000000,Silicon,1.000000,125.000000,125.000000
6,2,0,30.000000,10.000000,0.000000,5.000000,5.000000,5.000000,Silicon,1.000000,Empty,0.000000,Silicon,1.000000,125.000000,125.000000
7,2,0,35.000000,10.000000,0.000000,5.000000,5.000000,5.000000,Silicon,1.000000,Empty,0.000000,Silicon,1.000000,125.000000,125.000000
8,2,0,40.000000,10.000000,0.000000,5.000000,5.000000,5.000000,Silicon,1.000000,Empty,0.000000,Silicon,1.000000,125.000000,125.000000
9,2,0,45.000000,10.000000,0.000000,5.000000,5.000000,5.000000,Silicon,1.000000,Empty,0.000000,Silicon,1.000000,125.000000,125.000000
0,3,0,0.000000,15.000000,0.000000,5.000000,5.000000,5.000000,Silicon,1.000000,Empty,0.000000,Silicon,1.000000,125.000000,125.000000
1,3,0,5.000000,15.000000,0.000000,5.000000,5.000000,5.000000,Silicon,1.000000,Empty,0.000000,Silicon,1.000000,125.000000,125.000000
2,3,0,10.000000,15.000000,0.000000,5.000000,5.000000,5.000000,Silicon,1.000000,Empty,0.000000,Silicon,1.000000,125.000000,125.000000
3,3,0,15.000000,15.000000,0.000000,5.000000,5.000000,5.000000,Silicon,1.000000,Empty,0.000000,Silicon,1.000000,125.000000,125.000000
4,3,0,20.000000,15.000000,0.000000,5.000000,5.000000,5.000000,Silicon,1.000000,Empty,0.000000,Silicon,1.000000,125.000000,125.000000
5,3,0,25.000000,15.000000,0.000000,5.000000,5.000000,5.000000,Silicon,1.000000,Empty,0.000000,Silicon,1.000000,125.000000,125.000000
6,3,0,30.000000,15.000000,0.000000,5.000000,5.000000,5.000000,Silicon,1.000000,Empty,0.000000,Silicon,1.000000,125.000000,125.000000
7,3,0,35.000000,15.000000,0.000000,5.000000,5.000000,5.000000,Silicon,1.000000,Empty,0.000000,Silicon,1.000000,125.000000,125.000000
8,3,0,40.000000,15.000000,0.000000,5.000000,5.000000,5.000000,Silicon,1.000000,Empty,0.000000,Silicon,1.000000,125.000000,125.000000
9,3,0,45.000000,15.000000,0.000000,5.000000,5.000000,5.000000,Silicon,1.000000,Empty,0.000000,Silicon,1.000000,125.000000,125.000000
0,4,0,0.000000,20.000000,0.000000,5.000000,5.000000,5.000000,Silicon,1.000000,Empty,0.000000,Silicon,1.000000,125.000000,125.000000
1,4,0,5.000000,20.000000,0.000000,5.000000,5.000000,5.000000,Silicon,1.000000,Empty,0.000000,Silicon,1.000000,125.000000,125.000000
2,4,0,10.000000,20.000000,0.000000,5.000000,5.000000,5.000000,Silicon,1.000000,Empty,0.000000,Silicon,1.000000,125.000000,125.000000
3,4,0,15.000000,20.000000,0.000000,5.000000,5.000000,5.000000,Silicon,1.000000,Empty,0.000000,Silicon,1.000000,125.000000,125.000000
4,4,0,20.000000,20.000000,0.000000,5.000000,5.000000,5.000000,Silicon,1.000000,Empty,0.000000,Silicon,1.000000,125.000000,125.000000
5,4,0,25.000000,20.000000,0.000000,5.000000,5.000000,5.000000,Silicon,1.000000,Empty,0.000000,Silicon,1.000000,125.000000,125.000000
6,4,0,30.000000,20.000000,0.000000,5.000000,5.000000,5.000000,Silicon,1.000000,Empty,0.000000,Silicon,1.000000,125.000000,125.000000
7,4,0,35.000000,20.000000,0.000000,5.000000,5.000000,5.000000,Silicon,1.000000,Empty,0.000000,Silicon,1.000000,125.000000,125.000000
8,4,0,40.000000,20.000000,0.000000,5.000000,5.000000,5.000000,Silicon,1.000000,Empty,0.000000,Silicon,1.000000,125.000000,125.000000
9,4,0,45.000000,20.000000,0.000000,5.000000,5.000000,5.000000,Silicon,1.000000,Empty,0.000000,Silicon,1.000000,125.000000,125.000000
0,5,0,0.000000,25.000000,0.000000,5.000000,5.000000,5.000000,Silicon,1.000000,Empty,0.000000,Silicon,1.000000,125.000000,125.000000
1,5,0,5.000000,25.000000,0.000000,5.000000,5.000000,5.000000,Silicon,1.000000,Empty,0.000000,Silicon,1.000000,125.000000,125.000000
2,5,0,10.000000,25.000000,0.000000,5.000000,5.000000,5.000000,Silicon,1.000000,Empty,0.000000,Silicon,1.000000,125.000000,125.000000
3,5,0,15.000000,25.000000,0.000000,5.000000,5.000000,5.000000,Silicon,1.000000,Empty,0.000000,Silicon,1.000000,125.000000,125.000000
4,5,0,20.000000,25.000000,0.000000,5.000000,5.000000,5.000000,Silicon,1.000000,Empty,0.000000,Silicon,1.000000,125.000000,125.000000
5,5,0,25.000000,25.000000,0.000000,5.000000,5.000000,5.000000,Silicon,1.000000,Empty,0.000000,Silicon,1.000000,125.000000,125.000000
6,5,0,30.000000,25.000000,0.000000,5.000000,5.000000,5.000000,Silicon,1.000000,Empty,0.000000,Silicon,1.000000,125.000000,125.000000
7,5,0,35.000000,25.000000,0.000000,5.000000,5.000000,5.000000,Silicon,1.000000,Empty,0.000000,Silicon,1.000000,125.000000,125.000000
8,5,0,40.000000,25.000000,0.000000,5.000000,5.000000,5.000000,Silicon,1.000000,Empty,0.000000,Silicon,1.000000,125.000000,125.000000
9,5,0,45.000000,25.000000,0.000000,5.000000,5.000000,5.000000,Silicon,1.000000,Empty,0.000000,Silicon,1.000000,125.000000,125.000000
0,6,0,0.000000,30.000000,0.000000,5.000000,5.000000,5.000000,Silicon,1.000000,Empty,0.000000,Silicon,1.000000,125.000000,125.000000
1,6,0,5.000000,30.000000,0.000000,5.000000,5.000000,5.000000,Silicon,1.000000,Empty,0.000000,Silicon,1.000000,125.000000,125.000000
2,6,0,10.000000,30.000000,0.000000,5.000000,5.000000,5.000000,Silicon,1.000000,Empty,0.000000,Silicon,1.000000,125.000000,125.000000
3,6,0,15.000000,30.000000,0.000000,5.000000,5.000000,5.000000,Silicon,1.000000,Empty,0.000000,Silicon,1.000000,125.000000,125.000000
4,6,0,20.000000,30.000000,0.000000,5.000000,5.000000,5.000000,Silicon,1.000000,Empty,0.000000,Silicon,1.000000,125.000000,125.000000
5,6,0,25.000000,30.000000,0.000000,5.000000,5.000000,5.000000,Silicon,1.000000,Empty,0.000000,Silicon,1.000000,125.000000,125.000000
6,6,0,30.000000,30.000000,0.000000,5.000000,5.000000,5.000000,Silicon,1.000000,Empty,0.000000,Silicon,1.000000,125.000000,125.000000
7,6,0,35.000000,30.000000,0.000000,5.000000,5.000000,5.000000,Silicon,1.000000,Empty,0.000000,Silicon,1.000000,125.000000,125.000000
8,6,0,40.000000,30.000000,0.000000,5.000000,5.000000,5.000000,Silicon,1.000000,Empty,0.000000,Silicon,1.000000,125.000000,125.000000
9,6,0,45.000000,30.000000,0.000000,5.000000,5.000000,5.000000,Silicon,1.000000,Empty,0.000000,Silicon,1.000000,125.000000,125.000000
0,7,0,0.000000,35.000000,0.000000,5.000000,5.000000,5.000000,Silicon,1.000000,Empty,0.000000,Silicon,1.000000,125.000000,125.000000
1,7,0,5.000000,35.000000,0.000000,5.000000,5.000000,5.000000,Silicon,1.000000,Empty,0.000000,Silicon,1.000000,125.000000,125.000000
2,7,0,10.000000,35.000000,0.000000,5.000000,5.000000,5.000000,Silicon,1.000000,Empty,0.000000,Silicon,1.000000,125.000000,125.000000
3,7,0,15.000000,35.000000,0.000000,5.000000,5.000000,5.000000,Silicon,1.000000,Empty,0.000000,Silicon,1.000000,125.000000,125.000000
4,7,0,20.000000,35.000000,0.000000,5.000000,5.000000,5.000000,Silicon,1.000000,Empty,0.000000,Silicon,1.000000,125.000000,125.000000
5,7,0,25.000000,35.000000,0.000000,5.000000,5.000000,5.000000,Silicon,1.000000,Empty,0.000000,Silicon,1.000000,125.000000,125.000000
6,7,0,30.000000,35.000000,0.000000,5.000000,5.000000,5.000000,Silicon,1.000000,Empty,0.000000,Silicon,1.000000,125.000000,125.000000
7,7,0,35.000000,35.000000,0.000000,5.000000,5.000000,5.000000,Silicon,1.000000,Empty,0.000000,Silicon,1.000000,125.000000,125.000000
8,7,0,40.000000,35.000000,0.000000,5.000000,5.000000,5.000000,Silicon,1.000000,Empty,0.000000,Silicon,1.000000,125.000000,125.000000
9,7,0,45.000000,35.000000,0.000000,5.000000,5.000000,5.000000,Silicon,1.000000,Empty,0.000000,Silicon,1.000000,125.000000,125.000000
0,8,0,0.000000,40.000000,0.000000,5.000000,5.000000,5.000000,Silicon,1.000000,Empty,0.000000,Silicon,1.000000,125.000000,125.000000
1,8,0,5.000000,40.000000,0.000000,5.000000,5.000000,5.000000,Silicon,1.000000,Empty,0.000000,Silicon,1.000000,125.000000,125.000000
2,8,0,10.000000,40.000000,0.000000,5.000000,5.000000,5.000000,Silicon,1.000000,Empty,0.000000,Silicon,1.000000,125.000000,125.000000
3,8,0,15.000000,40.000000,0.000000,5.000000,5.000000,5.000000,Silicon,1.000000,Empty,0.000000,Silicon,1.000000,125.000000,125.000000
4,8,0,20.000000,40.000000,0.000000,5.000000,5.000000,5.000000,Silicon,1.000000,Empty,0.000000,Silicon,1.000000,125.000000,125.000000
5,8,0,25.000000,40.000000,0.000000,5.000000,5.000000,5.000000,Silicon,1.000000,Empty,0.000000,Silicon,1.000000,125.000000,125.000000
6,8,0,30.000000,40.000000,0.000000,5.000000,5.000000,5.000000,Silicon,1.000000,Empty,0.000000,Silicon,1.000000,125.000000,125.000000
7,8,0,35.000000,40.000000,0.000000,5.000000,5.000000,5.000000,Silicon,1.000000,Empty,0.000000,Silicon,1.000000,125.000000,125.000000
8,8,0,40.000000,40.000000,0.000000,5.000000,5.000000,5.000000,Silicon,1.000000,Empty,0.000000,Silicon,1.000000,125.000000,125.000000
9,8,0,45.000000,40.000000,0.000000,5.000000,5.000000,5.000000,Silicon,1.000000,Empty,0.000000,Silicon,1.000000,125.000000,125.000000
0,9,0,0.000000,45.000000,0.000000,5.000000,5.000000,5.000000,Silicon,1.000000,Empty,0.000000,Silicon,1.000000,125.000000,125.000000
1,9,0,5.000000,45.000000,0.000000,5.000000,5.000000,5.000000,Silicon,1.000000,Empty,0.000000,Silicon,1.000000,125.000000,125.000000
2,9,0,10.000000,45.000000,0.000000,5.000000,5.000000,5.000000,Silicon,1.000000,Empty,0.000000,Silicon,1.000000,125.000000,125.000000
3,9,0,15.000000,45.000000,0.000000,5.000000,5.000000,5.000000,Silicon,1.000000,Empty,0.000000,Silicon,1.000000,125.000000,125.000000
4,9,0,20.000000,45.000000,0.000000,5.000000,5.000000,5.000000,Silicon,1.000000,Empty,0.000000,Silicon,1.000000,125.000000,125.000000
5,9,0,25.000000,45.000000,0.000000,5.000000,5.000000,5.000000,Silicon,1.000000,Empty,0.000000,Silicon,1.000000,125.000000,125.000000
6,9,0,30.000000,45.000000,0.000000,5.000000,5.000000,5.000000,Silicon,1.000000,Empty,0.000000,Silicon,1.000000,125.000000,125.000000
7,9,0,35.000000,45.000000,0.000000,5.000000,5.000000,5.000000,Silicon,1.000000,Empty,0.000000,Silicon,1.000000,125.000000,125.000000
8,9,0,40.000000,45.000000,0.000000,5.000000,5.000000,5.000000,Silicon,1.000000,Empty,0.000000,Silicon,1.000000,125.000000,125.000000
9,9,0,45.000000,45.000000,0.000000,5.000000,5.000000,5.000000,Silicon,1.000000,Empty,0.000000,Silicon,1.000000,125.000000,125.000000
0,0,1,0.000000,0.000000,5.000000,5.000000,5.000000,5.000000,Silicon,1.000000,Empty,0.000000,Silicon,1.000000,125.000000,125.000000
1,0,1,5.000000,0.000000,5.000000,5.000000,5.000000,5.000000,Silicon,1.000000,Empty,0.000000,Silicon,1.000000,125.000000,125.000000
2,0,1,10.000000,0.000000,5.000000,5.000000,5.000000,5.000000,Silicon,1.000000,Empty,0.000000,Silicon,1.000000,125.000000,125.000000
3,0,1,15.000000,0.000000,5.000000,5.000000,5.000000,5.000000,Silicon,1.000000,Empty,0.000000,Silicon,1.000000,125.000000,125.000000
4,0,1,20.000000,0.000000,5.000000,5.000000,5.000000,5.000000,Silicon,1.000000,Empty,0.000000,Silicon,1.000000,125.000000,125.000000
5,0,1,25.000000,0.000000,5.000000,5.000000,5.000000,5.000000,Silicon,1.000000,Empty,0.000000,Silicon,1.000000,125.000000,125.000000
6,0,1,30.000000,0.000000,5.000000,5.000000,5.000000,5.000000,Silicon,1.000000,Empty,0.000000,Silicon,1.000000,125.000000,125.000000
7,0,1,35.000000,0.000000,5.000000,5.000000,5.000000,5.000000,Silicon,1.000000,Empty,0.000000,Silicon,1.000000,125.000000,125.000000
8,0,1,40.000000,0.000000,5.000000,5.000000,5.000000,5.000000,Silicon,1.000000,Empty,0.000000,Silicon,1.000000,125.000000,125.000000
9,0,1,45.000000,0.000000,5.000000,5.000000,5.000000,5.000000,Silicon,1.000000,Empty,0.000000,Silicon,1.000000,125.000000,125.000000
0,1,1,0.000000,5.000000,5.000000,5.000000,5.000000,5.000000,Silicon,1.000000,Empty,0.000000,Silicon,1.000000,125.000000,125.000000
1,1,1,5.000000,5.000000,5.000000,5.000000,5.000000,5.000000,Silicon,1.000000,Empty,0.000000,Silicon,1.000000,125.000000,125.000000
2,1,1,10.000000,5.000000,5.000000,5.000000,5.000000,5.000000,Silicon,1.000000,Empty,0.000000,Silicon,1.000000,125.000000,125.000000
3,1,1,15.000000,5.000000,5.000000,5.000000,5.000000,5.000000,Silicon,1.000000,Empty,0.000000,Silicon,1.000000,125.000000,125.000000
4,1,1,20.000000,5.000000,5.000000,5.000000,5.000000,5.000000,Silicon,1.000000,Empty,0.000000,Silicon,1.000000,125.000000,125.000000
5,1,1,25.000000,5.000000,5.000000,5.000000,5.000000,5.000000,Silicon,1.000000,Empty,0.000000,Silicon,1.000000,125.000000,125.000000
6,1,1,30.000000,5.000000,5.000000,5.000000,5.000000,5.000000,Silicon,1.000000,Empty,0.000000,Silicon,1.000000,125.000000,125.000000
7,1,1,35.000000,5.000000,5.000000,5.000000,5.000000,5.000000,Silicon,1.000000,Empty,0.000000,Silicon,1.000000,125.000000,125.000000
8,1,1,40.000000,5.000000,5.000000,5.000000,5.000000,5.000000,Silicon,1.000000,Empty,0.000000,Silicon,1.000000,125.000000,125.000000
9,1,1,45.000000,5.000000,5.000000,5.000000,5.000000,5.000000,Silicon,1.000000,Empty,0.000000,Silicon,1.000000,125.000000,125.000000
0,2,1,0.000000,10.000000,5.000000,5.000000,5.000000,5.000000,Silicon,1.000000,Empty,0.000000,Silicon,1.000000,125.000000,125.000000
1,2,1,5.000000,10.000000,5.000000,5.000000,5.000000,5.000000,Silicon,1.000000,Empty,0.000000,Silicon,1.000000,125.000000,125.000000
2,2,1,10.000000,10.000000,5.000000,5.000000,5.000000,5.000000,Silicon,1.000000,Empty,0.000000,Silicon,1.000000,125.000000,125.000000
3,2,1,15.000000,10.000000,5.000000,5.000000,5.000000,5.000000,Silicon,1.000000,Empty,0.000000,Silicon,1.000000,125.000000,125.000000
4,2,1,20.000000,10.000000,5.000000,5.000000,5.000000,5.000000,Silicon,1.000000,Empty,0.000000,Silicon,1.000000,125.000000,125.000000
5,2,1,25.000000,10.000000,5.000000,5.000000,5.000000,5.000000,Silicon,1.000000,Empty,0.000000,Silicon,1.000000,125.000000,125.000000
6,2,1,30.000000,10.000000,5.000000,5.000000,5.000000,5.000000,Silicon,1.000000,Empty,0.000000,Silicon,1.000000,125.000000,125.000000
7,2,1,35.000000,10.000000,5.000000,5.000000,5.000000,5.000000,Silicon,1.000000,Empty,0.000000,Silicon,1.000000,125.000000,125.000000
8,2,1,40.000000,10.000000,5.000000,5.000000,5.000000,5.000000,Silicon,1.000000,Empty,0.000000,Silicon,1.000000,125.000000,125.000000
9,2,1,45.000000,10.000000,5.000000,5.000000,5.000000,5.000000,Silicon,1.000000,Empty,0.000000,Silicon,1.000000,125.000000,125.000000
0,3,1,0.000000,15.000000,5.000000,5.000000,5.000000,5.000000,Silicon,1.000000,Empty,0.000000,Silicon,1.000000,125.000000,125.000000
1,3,1,5.000000,15.000000,5.000000,5.000000,5.000000,5.000000,Silicon,1.000000,Empty,0.000000,Silicon,1.000000,125.000000,125.000000
2,3,1,10.000000,15.000000,5.000000,5.000000,5.000000,5.000000,Silicon,1.000000,Empty,0.000000,Silicon,1.000000,125.000000,125.000000
3,3,1,15.000000,15.000000,5.000000,5.000000,5.000000,5.000000,Silicon,1.000000,Empty,0.000000,Silicon,1.000000,125.000000,125.000000
4,3,1,20.000000,15.000000,5.000000,5.000000,5.000000,5.000000,Silicon,1.000000,Empty,0.000000,Silicon,1.000000,125.000000,125.000000
5,3,1,25.000000,15.000000,5.000000,5.000000,5.000000,5.000000,Silicon,1.000000,Empty,0.000000,Silicon,1.000000,125.000000,125.000000
6,3,1,30.000000,15.000000,5.000000,5.000000,5.000000,5.000000,Silicon,1.000000,Empty,0.000000,Silicon,1.000000,125.000000,125.000000
7,3,1,35.000000,15.000000,5.000000,5.000000,5.000000,5.000000,Silicon,1.000000,Empty,0.000000,Silicon,1.000000,125.000000,125.000000
8,3,1,40.000000,15.000000,5.000000,5.000000,5.000000,5.000000,Silicon,1.000000,Empty,0.000000,Silicon,1.000000,125.000000,125.000000
9,3,1,45.000000,15.000000,5.000000,5.000000,5.000000,5.000000,Silicon,1.000000,Empty,0.000000,Silicon,1.000000,125.000000,125.000000
0,4,1,0.000000,20.000000,5.000000,5.000000,5.000000,5.000000,Silicon,1.000000,Empty,0.000000,Silicon,1.000000,125.000000,125.000000
1,4,1,5.000000,20.000000,5.000000,5.000000,5.000000,5.000000,Silicon,1.000000,Empty,0.000000,Silicon,1.000000,125.000000,125.000000
2,4,1,10.000000,20.000000,5.000000,5.000000,5.000000,5.000000,Silicon,1.000000,Empty,0.000000,Silicon,1.000000,125.000000,125.000000
3,4,1,15.000000,20.000000,5.000000,5.000000,5.000000,5.000000,Silicon,1.000000,Empty,0.000000,Silicon,1.000000,125.000000,125.000000
4,4,1,20.000000,20.000000,5.000000,5.000000,5.000000,5.000000,Silicon,1.000000,Empty,0.000000,Silicon,1.000000,125.000000,125.000000
5,4,1,25.000000,20.000000,5.000000,5.000000,5.000000,5.000000,Silicon,1.000000,Empty,0.000000,Silicon,1.000000,125.000000,125.000000
6,4,1,30.000000,20.000000,5.000000,5.000000,5.000000,5.000000,Silicon,1.000000,Empty,0.000000,Silicon,1.000000,125.000000,125.000000
7,4,1,35.000000,20.000000,5.000000,5.000000,5.000000,5.000000,Silicon,1.000000,Empty,0.000000,Silicon,1.000000,125.000000,125.000000
8,4,1,40.000000,20.000000,5.000000,5.000000,5.000000,5.000000,Silicon,1.000000,Empty,0.000000,Silicon,1.000000,125.000000,125.000000
9,4,1,45.000000,20.000000,5.000000,5.000000,5.000000,5.000000,Silicon,1.000000,Empty,0.000000,Silicon,1.000000,125.000000,125.000000
0,5,1,0.000000,25.000000,5.000000,5.000000,5.000000,5.000000,Silicon,1.000000,Empty,0.000000,Silicon,1.000000,125.000000,125.000000
1,5,1,5.000000,25.000000,5.000000,5.000000,5.000000,5.000000,Silicon,1.000000,Empty,0.000000,Silicon,1.000000,125.000000,125.000000
2,5,1,10.000000,25.000000,5.000000,5.000000,5.000000,5.000000,Silicon,1.000000,Empty,0.000000,Silicon,1.000000,125.000000,125.000000
3,5,1,15.000000,25.000000,5.000000,5.000000,5.000000,5.000000,Silicon,1.000000,Empty,0.000000,Silicon,1.000000,125.000000,125.000000
4,5,1,20.000000,25.000000,5.000000,5.000000,5.000000,5.000000,Silicon,1.000000,Empty,0.000000,Silicon,1.000000,125.000000,125.000000
5,5,1,25.000000,25.000000,5.000000,5.000000,5.000000,5.000000,Silicon,1.000000,Empty,0.000000,Silicon,1.000000,125.000000,125.000000
6,5,1,30.000000,25.000000,5.000000,5.000000,5.000000,5.000000,Silicon,1.000000,Empty,0.000000,Silicon,1.000000,125.000000,125.000000
7,5,1,35.000000,25.000000,5.000000,5.000000,5.000000,5.000000,Silicon,1.000000,Empty,0.000000,Silicon,1.000000,125.000000,125.000000
8,5,1,40.000000,25.000000,5.000000,5.000000,5.000000,5.000000,Silicon,1.000000,Empty,0.000000,Silicon,1.000000,125.000000,125.000000
9,5,1,45.000000,25.000000,5.000000,5.000000,5.000000,5.000000,Silicon,1.000000,Empty,0.000000,Silicon,1.000000,125.000000,125.000000
0,6,1,0.000000,30.000000,5.000000,5.000000,5.000000,5.000000,Silicon,1.000000,Empty,0.000000,Silicon,1.000000,125.000000,125.000000
1,6,1,5.000000,30.000000,5.000000,5.000000,5.000000,5.000000,Silicon,1.000000,Empty,0.000000,Silicon,1.000000,125.000000,125.000000
2,6,1,10.000000,30.000000,5.000000,5.000000,5.000000,5.000000,Silicon,1.000000,Empty,0.000000,Silicon,1.000000,125.000000,125.000000
3,6,1,15.000000,30.000000,5.000000,5.000000,5.000000,5.000000,Silicon,1.000000,Empty,0.000000,Silicon,1.000000,125.000000,125.000000
4,6,1,20.000000,30.000000,5.000000,5.000000,5.000000,5.000000,Silicon,1.000000,Empty,0.000000,Silicon,1.000000,125.000000,125.000000
5,6,1,25.000000,30.000000,5.000000,5.000000,5.000000,5.000000,Silicon,1.000000,Empty,0.000000,Silicon,1.000000,125.000000,125.000000
6,6,1,30.000000,30.000000,5.000000,5.000000,5.000000,5.000000,Silicon,1.000000,Empty,0.000000,Silicon,1.000000,125.000000,125.000000
7,6,1,35.000000,30.000000,5.000000,5.000000,5.000000,5.000000,Silicon,1.000000,Empty,0.000000,Silicon,1.000000,125.000000,125.000000
8,6,1,40.000000,30.000000,5.000000,5.000000,5.000000,5.000000,Silicon,1.000000,Empty,0.000000,Silicon,1.000000,125.000000,125.000000
9,6,1,45.000000,30.000000,5.000000,5.000000,5.000000,5.000000,Silicon,1.000000,Empty,0.000000,Silicon,1.000000,125.000000,125.000000
0,7,1,0.000000,35.000000,5.000000,5.000000,5.000000,5.000000,Silicon,1.000000,Empty,0.000000,Silicon,1.000000,125.000000,125.000000
1,7,1,5.000000,35.000000,5.000000,5.000000,5.000000,5.000000,Silicon,1.000000,Empty,0.000000,Silicon,1.000000,125.000000,125.000000
2,7,1,10.000000,35.000000,5.000000,5.000000,5.000000,5.000000,Silicon,1.000000,Empty,0.000000,Silicon,1.000000,125.000000,125.000000
3,7,1,15.000000,35.000000,5.000000,5.000000,5.000000,5.000000,Silicon,1.000000,Empty,0.000000,Silicon,1.000000,125.000000,125.000000
4,7,1,20.000000,35.000000,5.000000,5.000000,5.000000,5.000000,Silicon,1.000000,Empty,0.000000,Silicon,1.000000,125.000000,125.000000
5,7,1,25.000000,35.000000,5.000000,5.000000,5.000000,5.000000,Silicon,1.000000,Empty,0.000000,Silicon,1.000000,125.000000,125.000000
6,7,1,30.000000,35.000000,5.000000,5.000000,5.000000,5.000000,Silicon,1.000000,Empty,0.000000,Silicon,1.000000,125.000000,125.000000
7,7,1,35.000000,35.000000,5.000000,5.000000,5.000000,5.000000,Silicon,1.000000,Empty,0.000000,Silicon,1.000000,125.000000,125.000000
8,7,1,40.000000,35.000000,5.000000,5.000000,5.000000,5.000000,Silicon,1.000000,Empty,0.000000,Silicon,1.000000,125.000000,125.000000
9,7,1,45.000000,35.000000,5.000000,5.000000,5.000000,5.000000,Silicon,1.000000,Empty,0.000000,Silicon,1.000000,125.000000,125.000000
0,8,1,0.000000,40.000000,5.000000,5.000000,5.000000,5.000000,Silicon,1.000000,Empty,0.000000,Silicon,1.000000,125.000000,125.000000
1,8,1,5.000000,40.000000,5.000000,5.000000,5.000000,5.000000,Silicon,1.000000,Empty,0.000000,Silicon,1.000000,125.000000,125.000000
2,8,1,10.000000,40.000000,5.000000,5.000000,5.000000,5.000000,Silicon,1.000000,Empty,0.000000,Silicon,1.000000,125.000000,125.000000
3,8,1,15.000000,40.000000,5.000000,5.000000,5.000000,5.000000,Silicon,1.000000,Empty,0.000000,Silicon,1.000000,125.000000,125.000000
4,8,1,20.000000,40.000000,5.000000,5.000000,5.000000,5.000000,Silicon,1.000000,Empty,0.000000,Silicon,1.000000,125.000000,125.000000
5,8,1,25.000000,40.000000,5.000000,5.000000,5.000000,5.000000,Silicon,1.000000,Empty,0.000000,Silicon,1.000000,125.000000,125.000000
6,8,1,30.000000,40.000000,5.000000,5.000000,5.000000,5.000000,Silicon,1.000000,Empty,0.000000,Silicon,1.000000,125.000000,125.000000
7,8,1,35.000000,40.000000,5.000000,5.000000,5.000000,5.000000,Silicon,1.000000,Empty,0.000000,Silicon,1.000000,125.000000,125.000000
8,8,1,40.000000,40.000000,5.000000,5.000000,5.000000,5.000000,Silicon,1.000000,Empty,0.000000,Silicon,1.000000,125.000000,125.000000
9,8,1,45.000000,40.000000,5.000000,5.000000,5.000000,5.000000,Silicon,1.000000,Empty,0.000000,Silicon,1.000000,125.000000,125.000000
0,9,1,0.000000,45.000000,5.000000,5.000000,5.000000,5.000000,Silicon,1.000000,Empty,0.000000,Silicon,1.000000,125.000000,125.000000
1,9,1,5.000000,45.000000,5.000000,5.000000,5.000000,5.000000,Silicon,1.000000,Empty,0.000000,Silicon,1.000000,125.000000,125.000000
2,9,1,10.000000,45.000000,5.000000,5.000000,5.000000,5.000000,Silicon,1.000000,Empty,0.000000,Silicon,1.000000,125.000000,125.000000
3,9,1,15.000000,45.000000,5.000000,5.000000,5.000000,5.000000,Silicon,1.000000,Empty,0.000000,Silicon,1.000000,125.000000,125.000000
4,9,1,20.000000,45.000000,5.000000,5.000000,5.000000,5.000000,Silicon,1.000000,Empty,0.000000,Silicon,1.000000,125.000000,125.000000
5,9,1,25.000000,45.000000,5.000000,5.000000,5.000000,5.000000,Silicon,1.000000,Empty,0.000000,Silicon,1.000000,125.000000,125.000000
6,9,1,30.000000,45.000000,5.000000,5.000000,5.000000,5.000000,Silicon,1.000000,Empty,0.000000,Silicon,1.000000,125.000000,125.000000
7,9,1,35.000000,45.000000,5.000000,5.000000,5.000000,5.000000,Silicon,1.000000,Empty,0.000000,Silicon,1.000000,125.000000,125.000000
8,9,1,40.000000,45.000000,5.000000,5.000000,5.000000,5.000000,Silicon,1.000000,Empty,0.000000,Silicon,1.000000,125.000000,125.000000
9,9,1,45.000000,45.000000,5.000000,5.000000,5.000000,5.000000,Silicon,1.000000,Empty,0.000000,Silicon,1.000000,125.000000,125.000000
0,0,2,0.000000,0.000000,10.000000,5.000000,5.000000,5.000000,Silicon,1.000000,Empty,0.000000,Silicon,1.000000,125.000000,125.000000
1,0,2,5.000000,0.000000,10.000000,5.000000,5.000000,5.000000,Silicon,1.000000,Empty,0.000000,Silicon,1.000000,125.000000,125.000000
2,0,2,10.000000,0.000000,10.000000,5.000000,5.000000,5.000000,Silicon,1.000000,Empty,0.000000,Silicon,1.000000,125.000000,125.000000
3,0,2,15.000000,0.000000,10.000000,5.000000,5.000000,5.000000,Silicon,1.000000,Empty,0.000000,Silicon,1.000000,125.000000,125.000000
4,0,2,20.000000,0.000000,10.000000,5.000000,5.000000,5.000000,Silicon,1.000000,Empty,0.000000,Silicon,1.000000,125.000000,125.000000
5,0,2,25.000000,0.000000,10.000000,5.000000,5.000000,5.000000,Silicon,1.000000,Empty,0.000000,Silicon,1.000000,125.000000,125.000000
6,0,2,30.000000,0.000000,10.000000,5.000000,5.000000,5.000000,Silicon,1.000000,Empty,0.000000,Silicon,1.000000,125.000000,125.000000
7,0,2,35.000000,0.000000,10.000000,5.000000,5.000000,5.000000,Silicon,1.000000,Empty,0.000000,Silicon,1.000000,125.000000,125.000000
8,0,2,40.000000,0.000000,10.000000,5.000000,5.000000,5.000000,Silicon,1.000000,Empty,0.000000,Silicon,1.000000,125.000000,125.000000
9,0,2,45.000000,0.000000,10.000000,5.000000,5.000000,5.000000,Silicon,1.000000,Empty,0.000000,Silicon,1.000000,125.000000,125.000000
0,1,2,0.000000,5.000000,10.000000,5.000000,5.000000,5.000000,Silicon,1.000000,Empty,0.000000,Silicon,1.000000,125.000000,125.000000
1,1,2,5.000000,5.000000,10.000000,5.000000,5.000000,5.000000,Silicon,1.000000,Empty,0.000000,Silicon,1.000000,125.000000,125.000000
2,1,2,10.000000,5.000000,10.000000,5.000000,5.000000,5.000000,Silicon,1.000000,Empty,0.000000,Silicon,1.000000,125.000000,125.000000
3,1,2,15.000000,5.000000,10.000000,5.000000,5.000000,5.000000,Silicon,1.000000,Empty,0.000000,Silicon,1.000000,125.000000,125.000000
4,1,2,20.000000,5.000000,10.000000,5.000000,5.000000,5.000000,Silicon,1.000000,Empty,0.000000,Silicon,1.000000,125.000000,125.000000
5,1,2,25.000000,5.000000,10.000000,5.000000,5.000000,5.000000,Silicon,1.000000,Empty,0.000000,Silicon,1.000000,125.000000,125.000000
6,1,2,30.000000,5.000000,10.000000,5.000000,5.000000,5.000000,Silicon,1.000000,Empty,0.000000,Silicon,1.000000,125.000000,125.000000
7,1,2,35.000000,5.000000,10.000000,5.000000,5.000000,5.000000,Silicon,1.000000,Empty,0.000000,Silicon,1.000000,125.000000,125.000000
8,1,2,40.000000,5.000000,10.000000,5.000000,5.000000,5.000000,Silicon,1.000000,Empty,0.000000,Silicon,1.000000,125.000000,125.000000
9,1,2,45.000000,5.000000,10.000000,5.000000,5.000000,5.000000,Silicon,1.000000,Empty,0.000000,Silicon,1.000000,125.000000,125.000000
0,2,2,0.000000,10.000000,10.000000,5.000000,5.000000,5.000000,Silicon,1.000000,Empty,0.000000,Silicon,1.000000,125.000000,125.000000
1,2,2,5.000000,10.000000,10.000000,5.000000,5.000000,5.000000,Silicon,1.000000,Empty,0.000000,Silicon,1.000000,125.000000,125.000000
2,2,2,10.000000,10.000000,10.000000,5.000000,5.000000,5.000000,Silicon,1.000000,Empty,0.000000,Silicon,1.000000,125.000000,125.000000
3,2,2,15.000000,10.000000,10.000000,5.000000,5.000000,5.000000,Silicon,1.000000,Empty,0.000000,Silicon,1.000000,125.000000,125.000000
4,2,2,20.000000,10.000000,10.000000,5.000000,5.000000,5.000000,Silicon,1.000000,Empty,0.000000,Silicon,1.000000,125.000000,125.000000
5,2,2,25.000000,10.000000,10.000000,5.000000,5.000000,5.000000,Silicon,1.000000,Empty,0.000000,Silicon,1.000000,125.000000,125.000000
6,2,2,30.000000,10.000000,10.000000,5.000000,5.000000,5.000000,Silicon,1.000000,Empty,0.000000,Silicon,1.000000,125.000000,125.000000
7,2,2,35.000000,10.000000,10.000000,5.000000,5.000000,5.000000,Silicon,1.000000,Empty,0.000000,Silicon,1.000000,125.000000,125.000000
8,2,2,40.000000,10.000000,10.000000,5.000000,5.000000,5.000000,Silicon,1.000000,Empty,0.000000,Silicon,1.000000,125.000000,125.000000
9,2,2,45.000000,10.000000,10.000000,5.000000,5.000000,5.000000,Silicon,1.000000,Empty,0.000000,Silicon,1.000000,125.000000,125.000000
0,3,2,0.000000,15.000000,10.000000,5.000000,5.000000,5.000000,Silicon,1.000000,Empty,0.000000,Silicon,1.000000,125.000000,125.000000
1,3,2,5.000000,15.000000,10.000000,5.000000,5.000000,5.000000,Silicon,1.000000,Empty,0.000000,Silicon,1.000000,125.000000,125.000000
2,3,2,10.000000,15.000000,10.000000,5.000000,5.000000,5.000000,Silicon,1.000000,Empty,0.000000,Silicon,1.000000,125.000000,125.000000
3,3,2,15.000000,15.000000,10.000000,5.000000,5.000000,5.000000,Silicon,1.000000,Empty,0.000000,Silicon,1.000000,125.000000,125.000000
4,3,2,20.000000,15.000000,10.000000,5.000000,5.000000,5.000000,Silicon,1.000000,Empty,0.000000,Silicon,1.000000,125.000000,125.000000
5,3,2,25.000000,15.000000,10.000000,5.000000,5.000000,5.000000,Silicon,1.000000,Empty,0.000000,Silicon,1.000000,125.000000,125.000000
6,3,2,30.000000,15.000000,10.000000,5.000000,5.000000,5.000000,Silicon,1.000000,Empty,0.000000,Silicon,1.000000,125.000000,125.000000
7,3,2,35.000000,15.000000,10.000000,5.000000,5.000000,5.000000,Silicon,1.000000,Empty,0.000000,Silicon,1.000000,125.000000,125.000000
8,3,2,40.000000,15.000000,10.000000,5.000000,5.000000,5.000000,Silicon,1.000000,Empty,0.000000,Silicon,1.000000,125.000000,125.000000
9,3,2,45.000000,15.000000,10.000000,5.000000,5.000000,5.000000,Silicon,1.000000,Empty,0.000000,Silicon,1.000000,125.000000,125.000000
0,4,2,0.000000,20.000000,10.000000,5.000000,5.000000,5.000000,Silicon,1.000000,Empty,0.000000,Silicon,1.000000,125.000000,125.000000
1,4,2,5.000000,20.000000,10.000000,5.000000,5.000000,5.000000,Silicon,1.000000,Empty,0.000000,Silicon,1.000000,125.000000,125.000000
2,4,2,10.000000,20.000000,10.000000,5.000000,5.000000,5.000000,Silicon,1.000000,Empty,0.000000,Silicon,1.000000,125.000000,125.000000
3,4,2,15.000000,20.000000,10.000000,5.000000,5.000000,5.000000,Silicon,1.000000,Empty,0.000000,Silicon,1.000000,125.000000,125.000000
4,4,2,20.000000,20.000000,10.000000,5.000000,5.000000,5.000000,Silicon,1.000000,Empty,0.000000,Silicon,1.000000,125.000000,125.000000
5,4,2,25.000000,20.000000,10.000000,5.000000,5.000000,5.000000,Silicon,1.000000,Empty,0.000000,Silicon,1.000000,125.000000,125.000000
6,4,2,30.000000,20.000000,10.000000,5.000000,5.000000,5.000000,Silicon,1.000000,Empty,0.000000,Silicon,1.000000,125.000000,125.000000
7,4,2,35.000000,20.000000,10.000000,5.000000,5.000000,5.000000,Silicon,1.000000,Empty,0.000000,Silicon,1.000000,125.000000,125.000000
8,4,2,40.000000,20.000000,10.000000,5.000000,5.000000,5.000000,Silicon,1.000000,Empty,0.000000,Silicon,1.000000,125.000000,125.000000
9,4,2,45.000000,20.000000,10.000000,5.000000,5.000000,5.000000,Silicon,1.000000,Empty,0.000000,Silicon,1.000000,125.000000,125.000000
0,5,2,0.000000,25.000000,10.000000,5.000000,5.000000,5.000000,Silicon,1.000000,Empty,0.000000,Silicon,1.000000,125.000000,125.000000
1,5,2,5.000000,25.000000,10.000000,5.000000,5.000000,5.000000,Silicon,1.000000,Empty,0.000000,Silicon,1.000000,125.000000,125.000000
2,5,2,10.000000,25.000000,10.000000,5.000000,5.000000,5.000000,Silicon,1.000000,Empty,0.000000,Silicon,1.000000,125.000000,125.000000
3,5,2,15.000000,25.000000,10.000000,5.000000,5.000000,5.000000,Silicon,1.000000,Empty,0.000000,Silicon,1.000000,125.000000,125.000000
4,5,2,20.000000,25.000000,10.000000,5.000000,5.000000,5.000000,Silicon,1.000000,Empty,0.000000,Silicon,1.000000,125.000000,125.000000
5,5,2,25.000000,25.000000,10.000000,5.000000,5.000000,5.000000,Silicon,1.000000,Empty,0.000000,Silicon,1.000000,125.000000,125.000000
6,5,2,30.000000,25.000000,10.000000,5.000000,5.000000,5.000000,Silicon,1.000000,Empty,0.000000,Silicon,1.000000,125.000000,125.000000
7,5,2,35.000000,25.000000,10.000000,5.000000,5.000000,5.000000,Silicon,1.000000,Empty,0.000000,Silicon,1.000000,125.000000,125.000000
8,5,2,40.000000,25.000000,10.000000,5.000000,5.000000,5.000000,Silicon,1.000000,Empty,0.000000,Silicon,1.000000,125.000000,125.000000
9,5,2,45.000000,25.000000,10.000000,5.000000,5.000000,5.000000,Silicon,1.000000,Empty,0.000000,Silicon,1.000000,125.000000,125.000000
0,6,2,0.000000,30.000000,10.000000,5.000000,5.000000,5.000000,Silicon,1.000000,Empty,0.000000,Silicon,1.000000,125.000000,125.000000
1,6,2,5.000000,30.000000,10.000000,5.000000,5.000000,5.000000,Silicon,1.000000,Empty,0.000000,Silicon,1.000000,125.000000,125.000000
2,6,2,10.000000,30.000000,10.000000,5.000000,5.000000,5.000000,Silicon,1.000000,Empty,0.000000,Silicon,1.000000,125.000000,125.000000
3,6,2,15.000000,30.000000,10.000000,5.000000,5.000000,5.000000,Silicon,1.000000,Empty,0.000000,Silicon,1.000000,125.000000,125.000000
4,6,2,20.000000,30.000000,10.000000,5.000000,5.000000,5.000000,Silicon,1.000000,Empty,0.000000,Silicon,1.000000,125.000000,125.000000
5,6,2,25.000000,30.000000,10.000000,5.000000,5.000000,5.000000,Silicon,1.000000,Empty,0.000000,Silicon,1.000000,125.000000,125.000000
6,6,2,30.000000,30.000000,10.000000,5.000000,5.000000,5.000000,Silicon,1.000000,Empty,0.000000,Silicon,1.000000,125.000000,125.000000
7,6,2,35.000000,30.000000,10.000000,5.000000,5.000000,5.000000,Silicon,1.000000,Empty,0.000000,Silicon,1.000000,125.000000,125.000000
8,6,2,40.000000,30.000000,10.000000,5.000000,5.000000,5.000000,Silicon,1.000000,Empty,0.000000,Silicon,1.000000,125.000000,125.000000
9,6,2,45.000000,30.000000,10.000000,5.000000,5.000000,5.000000,Silicon,1.000000,Empty,0.000000,Silicon,1.000000,125.000000,125.000000
0,7,2,0.000000,35.000000,10.000000,5.000000,5.000000,5.000000,Silicon,1.000000,Empty,0.000000,Silicon,1.000000,125.000000,125.000000
1,7,2,5.000000,35.000000,10.000000,5.000000,5.000000,5.000000,Silicon,1.000000,Empty,0.000000,Silicon,1.000000,125.000000,125.000000
2,7,2,10.000000,35.000000,10.000000,5.000000,5.000000,5.000000,Silicon,1.000000,Empty,0.000000,Silicon,1.000000,125.000000,125.000000
3,7,2,15.000000,35.000000,10.000000,5.000000,5.000000,5.000000,Silicon,1.000000,Empty,0.000000,Silicon,1.000000,125.000000,125.000000
4,7,2,20.000000,35.000000,10.000000,5.000000,5.000000,5.000000,Silicon,1.000000,Empty,0.000000,Silicon,1.000000,125.000000,125.000000
5,7,2,25.000000,35.000000,10.000000,5.000000,5.000000,5.000000,Silicon,1.000000,Empty,0.000000,Silicon,1.000000,125.000000,125.000000
6,7,2,30.000000,35.000000,10.000000,5.000000,5.000000,5.000000,Silicon,1.000000,Empty,0.000000,Silicon,1.000000,125.000000,125.000000
7,7,2,35.000000,35.000000,10.000000,5.000000,5.000000,5.000000,Silicon,1.000000,Empty,0.000000,Silicon,1.000000,125.000000,125.000000
8,7,2,40.000000,35.000000,10.000000,5.000000,5.000000,5.000000,Silicon,1.000000,Empty,0.000000,Silicon,1.000000,125.000000,125.000000
9,7,2,45.000000,35.000000,10.000000,5.000000,5.000000,5.000000,Silicon,1.000000,Empty,0.000000,Silicon,1.000000,125.000000,125.000000
0,8,2,0.000000,40.000000,10.000000,5.000000,5.000000,5.000000,Silicon,1.000000,Empty,0.000000,Silicon,1.000000,125.000000,125.000000
1,8,2,5.000000,40.000000,10.000000,5.000000,5.000000,5.000000,Silicon,1.000000,Empty,0.000000,Silicon,1.000000,125.000000,125.000000
2,8,2,10.000000,40.000000,10.000000,5.000000,5.000000,5.000000,Silicon,1.000000,Empty,0.000000,Silicon,1.000000,125.000000,125.000000
3,8,2,15.000000,40.000000,10.000000,5.000000,5.000000,5.000000,Silicon,1.000000,Empty,0.000000,Silicon,1.000000,125.000000,125.000000
4,8,2,20.000000,40.000000,10.000000,5.000000,5.000000,5.000000,Silicon,1.000000,Empty,0.000000,Silicon,1.000000,125.000000,125.000000
5,8,2,25.000000,40.000000,10.000000,5.000000,5.000000,5.000000,Silicon,1.000000,Empty,0.000000,Silicon,1.000000,125.000000,125.000000
6,8,2,30.000000,40.000000,10.000000,5.000000,5.000000,5.000000,Silicon,1.000000,Empty,0.000000,Silicon,1.000000,125.000000,125.000000
7,8,2,35.000000,40.000000,10.000000,5.000000,5.000000,5.000000,Silicon,1.000000,Empty,0.000000,Silicon,1.000000,125.000000,125.000000
8,8,2,40.000000,40.000000,10.000000,5.000000,5.000000,5.000000,Silicon,1.000000,Empty,0.000000,Silicon,1.000000,125.000000,125.000000
9,8,2,45.000000,40.000000,10.000000,5.000000,5.000000,5.000000,Silicon,1.000000,Empty,0.000000,Silicon,1.000000,125.000000,125.000000
0,9,2,0.000000,45.000000,10.000000,5.000000,5.000000,5.000000,Silicon,1.000000,Empty,0.000000,Silicon,1.000000,125.000000,125.000000
1,9,2,5.000000,45.000000,10.000000,5.000000,5.000000,5.000000,Silicon,1.000000,Empty,0.000000,Silicon,1.000000,125.000000,125.000000
2,9,2,10.000000,45.000000,10.000000,5.000000,5.000000,5.000000,Silicon,1.000000,Empty,0.000000,Silicon,1.000000,125.000000,125.000000
3,9,2,15.000000,45.000000,10.000000,5.000000,5.000000,5.000000,Silicon,1.000000,Empty,0.000000,Silicon,1.000000,125.000000,125.000000
4,9,2,20.000000,45.000000,10.000000,5.000000,5.000000,5.000000,Silicon,1.000000,Empty,0.000000,Silicon,1.000000,125.000000,125.000000
5,9,2,25.000000,45.000000,10.000000,5.000000,5.000000,5.000000,Silicon,1.000000,Empty,0.000000,Silicon,1.000000,125.000000,125.000000
6,9,2,30.000000,45.000000,10.000000,5.000000,5.000000,5.000000,Silicon,1.000000,Empty,0.000000,Silicon,1.000000,125.000000,125.000000
7,9,2,35.000000,45.000000,10.000000,5.000000,5.000000,5.000000,Silicon,1.000000,Empty,0.000000,Silicon,1.000000,125.000000,125.000000
8,9,2,40.000000,45.000000,10.000000,5.000000,5.000000,5.000000,Silicon,1.000000,Empty,0.000000,Silicon,1.000000,125.000000,125.000000
9,9,2,45.000000,45.000000,10.000000,5.000000,5.000000,5.000000,Silicon,1.000000,Empty,0.000000,Silicon,1.000000,125.000000,125.000000
0,0,3,0.000000,0.000000,15.000000,5.000000,5.000000,5.000000,Silicon,1.000000,Empty,0.000000,Silicon,1.000000,125.000000,125.000000
1,0,3,5.000000,0.000000,15.000000,5.000000,5.000000,5.000000,Silicon,1.000000,Empty,0.000000,Silicon,1.000000,125.000000,125.000000
2,0,3,10.000000,0.000000,15.000000,5.000000,5.000000,5.000000,Silicon,1.000000,Empty,0.000000,Silicon,1.000000,125.000000,125.000000
3,0,3,15.000000,0.000000,15.000000,5.000000,5.000000,5.000000,Silicon,1.000000,Empty,0.000000,Silicon,1.000000,125.000000,125.000000
4,0,3,20.000000,0.000000,15.000000,5.000000,5.000000,5.000000,Silicon,1.000000,Empty,0.000000,Silicon,1.000000,125.000000,125.000000
5,0,3,25.000000,0.000000,15.000000,5.000000,5.000000,5.000000,Silicon,1.000000,Empty,0.000000,Silicon,1.000000,125.000000,125.000000
6,0,3,30.000000,0.000000,15.000000,5.000000,5.000000,5.000000,Silicon,1.000000,Empty,0.000000,Silicon,1.000000,125.000000,125.000000
7,0,3,35.000000,0.000000,15.000000,5.000000,5.000000,5.000000,Silicon,1.000000,Empty,0.000000,Silicon,1.000000,125.000000,125.000000
8,0,3,40.000000,0.000000,15.000000,5.000000,5.000000,5.000000,Silicon,1.000000,Empty,0.000000,Silicon,1.000000,125.000000,125.000000
9,0,3,45.000000,0.000000,15.000000,5.000000,5.000000,5.000000,Silicon,1.000000,Empty,0.000000,Silicon,1.000000,125.000000,125.000000
0,1,3,0.000000,5.000000,15.000000,5.000000,5.000000,5.000000,Silicon,1.000000,Empty,0.000000,Silicon,1.000000,125.000000,125.000000
1,1,3,5.000000,5.000000,15.000000,5.000000,5.000000,5.000000,Silicon,1.000000,Empty,0.000000,Silicon,1.000000,125.000000,125.000000
2,1,3,10.000000,5.000000,15.000000,5.000000,5.000000,5.000000,Silicon,1.000000,Empty,0.000000,Silicon,1.000000,125.000000,125.000000
3,1,3,15.000000,5.000000,15.000000,5.000000,5.000000,5.000000,Silicon,1.000000,Empty,0.000000,Silicon,1.000000,125.000000,125.000000
4,1,3,20.000000,5.000000,15.000000,5.000000,5.000000,5.000000,Silicon,1.000000,Empty,0.000000,Silicon,1.000000,125.000000,125.000000
5,1,3,25.000000,5.000000,15.000000,5.000000,5.000000,5.000000,Silicon,1.000000,Empty,0.000000,Silicon,1.000000,125.000000,125.000000
6,1,3,30.000000,5.000000,15.000000,5.000000,5.000000,5.000000,Silicon,1.000000,Empty,0.000000,Silicon,1.000000,125.000000,125.000000
7,1,3,35.000000,5.000000,15.000000,5.000000,5.000000,5.000000,Silicon,1.000000,Empty,0.000000,Silicon,1.000000,125.000000,125.000000
8,1,3,40.000000,5.000000,15.000000,5.000000,5.000000,5.000000,Silicon,1.000000,Empty,0.000000,Silicon,1.000000,125.000000,125.000000
9,1,3,45.000000,5.000000,15.000000,5.000000,5.000000,5.000000,Silicon,1.000000,Empty,0.000000,Silicon,1.000000,125.000000,125.000000
0,2,3,0.000000,10.000000,15.000000,5.000000,5.000000,5.000000,Silicon,1.000000,Empty,0.000000,Silicon,1.000000,125.000000,125.000000
1,2,3,5.000000,10.000000,15.000000,5.000000,5.000000,5.000000,Silicon,1.000000,Empty,0.000000,Silicon,1.000000,125.000000,125.000000
2,2,3,10.000000,10.000000,15.000000,5.000000,5.000000,5.000000,Silicon,1.000000,Empty,0.000000,Silicon,1.000000,125.000000,125.000000
3,2,3,15.000000,10.000000,15.000000,5.000000,5.000000,5.000000,Silicon,1.000000,Empty,0.000000,Silicon,1.000000,125.000000,125.000000
4,2,3,20.000000,10.000000,15.000000,5.000000,5.000000,5.000000,Silicon,1.000000,Empty,0.000000,Silicon,1.000000,125.000000,125.000000
5,2,3,25.000000,10.000000,15.000000,5.000000,5.000000,5.000000,Silicon,1.000000,Empty,0.000000,Silicon,1.000000,125.000000,125.000000
6,2,3,30.000000,10.000000,15.000000,5.000000,5.000000,5.000000,Silicon,1.000000,Empty,0.000000,Silicon,1.000000,125.000000,125.000000
7,2,3,35.000000,10.000000,15.000000,5.000000,5.000000,5.000000,Silicon,1.000000,Empty,0.000000,Silicon,1.000000,125.000000,125.000000
8,2,3,40.000000,10.000000,15.000000,5.000000,5.000000,5.000000,Silicon,1.000000,Empty,0.000000,Silicon,1.000000,125.000000,125.000000
9,2,3,45.000000,10.000000,15.000000,5.000000,5.000000,5.000000,Silicon,1.000000,Empty,0.000000,Silicon,1.000000,125.000000,125.000000
0,3,3,0.000000,15.000000,15.000000,5.000000,5.000000,5.000000,Silicon,1.000000,Empty,0.000000,Silicon,1.000000,125.000000,125.000000
1,3,3,5.000000,15.000000,15.000000,5.000000,5.000000,5.000000,Silicon,1.000000,Empty,0.000000,Silicon,1.000000,125.000000,125.000000
2,3,3,10.000000,15.000000,15.000000,5.000000,5.000000,5.000000,Silicon,1.000000,Empty,0.000000,Silicon,1.000000,125.000000,125.000000
3,3,3,15.000000,15.000000,15.000000,5.000000,5.000000,5.000000,Silicon,1.000000,Empty,0.000000,Silicon,1.000000,125.000000,125.000000
4,3,3,20.000000,15.000000,15.000000,5.000000,5.000000,5.000000,Silicon,1.000000,Empty,0.000000,Silicon,1.000000,125.000000,125.000000
5,3,3,25.000000,15.000000,15.000000,5.000000,5.000000,5.000000,Silicon,1.000000,Empty,0.000000,Silicon,1.000000,125.000000,125.000000
6,3,3,30.000000,15.000000,15.000000,5.000000,5.000000,5.000000,Silicon,1.000000,Empty,0.000000,Silicon,1.000000,125.000000,125.000000
7,3,3,35.000000,15.000000,15.000000,5.000000,5.000000,5.000000,Silicon,1.000000,Empty,0.000000,Silicon,1.000000,125.000000,125.000000
8,3,3,40.000000,15.000000,15.000000,5.000000,5.000000,5.000000,Silicon,1.000000,Empty,0.000000,Silicon,1.000000,125.000000,125.000000
9,3,3,45.000000,15.000000,15.000000,5.000000,5.000000,5.000000,Silicon,1.000000,Empty,0.000000,Silicon,1.000000,125.000000,125.000000
0,4,3,0.000000,20.000000,15.000000,5.000000,5.000000,5.000000,Silicon,1.000000,Empty,0.000000,Silicon,1.000000,125.000000,125.000000
1,4,3,5.000000,20.000000,15.000000,5.000000,5.000000,5.000000,Silicon,1.000000,Empty,0.000000,Silicon,1.000000,125.000000,125.000000
2,4,3,10.000000,20.000000,15.000000,5.000000,5.000000,5.000000,Silicon,1.000000,Empty,0.000000,Silicon,1.000000,125.000000,125.000000
3,4,3,15.000000,20.000000,15.000000,5.000000,5.000000,5.000000,Silicon,1.000000,Empty,0.000000,Silicon,1.000000,125.000000,125.000000
4,4,3,20.000000,20.000000,15.000000,5.000000,5.000000,5.000000,Silicon,1.000000,Empty,0.000000,Silicon,1.000000,125.000000,125.000000
5,4,3,25.000000,20.000000,15.000000,5.000000,5.000000,5.000000,Silicon,1.000000,Empty,0.000000,Silicon,1.000000,125.000000,125.000000
6,4,3,30.000000,20.000000,15.000000,5.000000,5.000000,5.000000,Silicon,1.000000,Empty,0.000000,Silicon,1.000000,125.000000,125.000000
7,4,3,35.000000,20.000000,15.000000,5.000000,5.000000,5.000000,Silicon,1.000000,Empty,0.000000,Silicon,1.000000,125.000000,125.000000
8,4,3,40.000000,20.000000,15.000000,5.000000,5.000000,5.000000,Silicon,1.000000,Empty,0.000000,Silicon,1.000000,125.000000,125.000000
9,4,3,45.000000,20.000000,15.000000,5.000000,5.000000,5.000000,Silicon,1.000000,Empty,0.000000,Silicon,1.000000,125.000000,125.000000
0,5,3,0.000000,25.000000,15.000000,5.000000,5.000000,5.000000,Silicon,1.000000,Empty,0.000000,Silicon,1.000000,125.000000,125.000000
1,5,3,5.000000,25.000000,15.000000,5.000000,5.000000,5.000000,Silicon,1.000000,Empty,0.000000,Silicon,1.000000,125.000000,125.000000
2,5,3,10.000000,25.000000,15.000000,5.000000,5.000000,5.000000,Silicon,1.000000,Empty,0.000000,Silicon,1.000000,125.000000,125.000000
3,5,3,15.000000,25.000000,15.000000,5.000000,5.000000,5.000000,Silicon,1.000000,Empty,0.000000,Silicon,1.000000,125.000000,125.000000
4,5,3,20.000000,25.000000,15.000000,5.000000,5.000000,5.000000,Silicon,1.000000,Empty,0.000000,Silicon,1.000000,125.000000,125.000000
5,5,3,25.000000,25.000000,15.000000,5.000000,5.000000,5.000000,Silicon,1.000000,Empty,0.000000,Silicon,1.000000,125.000000,125.000000
6,5,3,30.000000,25.000000,15.000000,5.000000,5.000000,5.000000,Silicon,1.000000,Empty,0.000000,Silicon,1.000000,125.000000,125.000000
7,5,3,35.000000,25.000000,15.000000,5.000000,5.000000,5.000000,Silicon,1.000000,Empty,0.000000,Silicon,1.000000,125.000000,125.000000
8,5,3,40.000000,25.000000,15.000000,5.000000,5.000000,5.000000,Silicon,1.000000,Empty,0.000000,Silicon,1.000000,125.000000,125.000000
9,5,3,45.000000,25.000000,15.000000,5.000000,5.000000,5.000000,Silicon,1.000000,Empty,0.000000,Silicon,1.000000,125.000000,125.000000
0,6,3,0.000000,30.000000,15.000000,5.000000,5.000000,5.000000,Silicon,1.000000,Empty,0.000000,Silicon,1.000000,125.000000,125.000000
1,6,3,5.000000,30.000000,15.000000,5.000000,5.000000,5.000000,Silicon,1.000000,Empty,0.000000,Silicon,1.000000,125.000000,125.000000
2,6,3,10.000000,30.000000,15.000000,5.000000,5.000000,5.000000,Silicon,1.000000,Empty,0.000000,Silicon,1.000000,125.000000,125.000000
3,6,3,15.000000,30.000000,15.000000,5.000000,5.000000,5.000000,Silicon,1.000000,Empty,0.000000,Silicon,1.000000,125.000000,125.000000
4,6,3,20.000000,30.000000,15.000000,5.000000,5.000000,5.000000,Silicon,1.000000,Empty,0.000000,Silicon,1.000000,125.000000,125.000000
5,6,3,25.000000,30.000000,15.000000,5.000000,5.000000,5.000000,Silicon,1.000000,Empty,0.000000,Silicon,1.000000,125.000000,125.000000
6,6,3,30.000000,30.000000,15.000000,5.000000,5.000000,5.000000,Silicon,1.000000,Empty,0.000000,Silicon,1.000000,125.000000,125.000000
7,6,3,35.000000,30.000000,15.000000,5.000000,5.000000,5.000000,Silicon,1.000000,Empty,0.000000,Silicon,1.000000,125.000000,125.000000
8,6,3,40.000000,30.000000,15.000000,5.000000,5.000000,5.000000,Silicon,1.000000,Empty,0.000000,Silicon,1.000000,125.000000,125.000000
9,6,3,45.000000,30.000000,15.000000,5.000000,5.000000,5.000000,Silicon,1.000000,Empty,0.000000,Silicon,1.000000,125.000000,125.000000
0,7,3,0.000000,35.000000,15.000000,5.000000,5.000000,5.000000,Silicon,1.000000,Empty,0.000000,Silicon,1.000000,125.000000,125.000000
1,7,3,5.000000,35.000000,15.000000,5.000000,5.000000,5.000000,Silicon,1.000000,Empty,0.000000,Silicon,1.000000,125.000000,125.000000
2,7,3,10.000000,35.000000,15.000000,5.000000,5.000000,5.000000,Silicon,1.000000,Empty,0.000000,Silicon,1.000000,125.000000,125.000000
3,7,3,15.000000,35.000000,15.000000,5.000000,5.000000,5.000000,Silicon,1.000000,Empty,0.000000,Silicon,1.000000,125.000000,125.000000
4,7,3,20.000000,35.000000,15.000000,5.000000,5.000000,5.000000,Silicon,1.000000,Empty,0.000000,Silicon,1.000000,125.000000,125.000000
5,7,3,25.000000,35.000000,15.000000,5.000000,5.000000,5.000000,Silicon,1.000000,Empty,0.000000,Silicon,1.000000,125.000000,125.000000
6,7,3,30.000000,35.000000,15.000000,5.000000,5.000000,5.000000,Silicon,1.000000,Empty,0.000000,Silicon,1.000000,125.000000,125.000000
7,7,3,35.000000,35.000000,15.000000,5.000000,5.000000,5.000000,Silicon,1.000000,Empty,0.000000,Silicon,1.000000,125.000000,125.000000
8,7,3,40.000000,35.000000,15.000000,5.000000,5.000000,5.000000,Silicon,1.000000,Empty,0.000000,Silicon,1.000000,125.000000,125.000000
9,7,3,45.000000,35.000000,15.000000,5.000000,5.000000,5.000000,Silicon,1.000000,Empty,0.000000,Silicon,1.000000,125.000000,125.000000
0,8,3,0.000000,40.000000,15.000000,5.000000,5.000000,5.000000,Silicon,1.000000,Empty,0.000000,Silicon,1.000000,125.000000,125.000000
1,8,3,5.000000,40.000000,15.000000,5.000000,5.000000,5.000000,Silicon,1.000000,Empty,0.000000,Silicon,1.000000,125.000000,125.000000
2,8,3,10.000000,40.000000,15.000000,5.000000,5.000000,5.000000,Silicon,1.000000,Empty,0.000000,Silicon,1.000000,125.000000,125.000000
3,8,3,15.000000,40.000000,15.000000,5.000000,5.000000,5.000000,Silicon,1.000000,Empty,0.000000,Silicon,1.000000,125.000000,125.000000
4,8,3,20.000000,40.000000,15.000000,5.000000,5.000000,5.000000,Silicon,1.000000,Empty,0.000000,Silicon,1.000000,125.000000,125.000000
5,8,3,25.000000,40.000000,15.000000,5.000000,5.000000,5.000000,Silicon,1.000000,Empty,0.000000,Silicon,1.000000,125.000000,125.000000
6,8,3,30.000000,40.000000,15.000000,5.000000,5.000000,5.000000,Silicon,1.000000,Empty,0.000000,Silicon,1.000000,125.000000,125.000000
7,8,3,35.000000,40.000000,15.000000,5.000000,5.000000,5.000000,Silicon,1.000000,Empty,0.000000,Silicon,1.000000,125.000000,125.000000
8,8,3,40.000000,40.000000,15.000000,5.000000,5.000000,5.000000,Silicon,1.000000,Empty,0.000000,Silicon,1.000000,125.000000,125.000000
9,8,3,45.000000,40.000000,15.000000,5.000000,5.000000,5.000000,Silicon,1.000000,Empty,0.000000,Silicon,1.000000,125.000000,125.000000
0,9,3,0.000000,45.000000,15.000000,5.000000,5.000000,5.000000,Silicon,1.000000,Empty,0.000000,Silicon,1.000000,125.000000,125.000000
1,9,3,5.000000,45.000000,15.000000,5.000000,5.000000,5.000000,Silicon,1.000000,Empty,0.000000,Silicon,1.000000,125.000000,125.000000
2,9,3,10.000000,45.000000,15.000000,5.000000,5.000000,5.000000,Silicon,1.000000,Empty,0.000000,Silicon,1.000000,125.000000,125.000000
3,9,3,15.000000,45.000000,15.000000,5.000000,5.000000,5.000000,Silicon,1.000000,Empty,0.000000,Silicon,1.000000,125.000000,125.000000
4,9,3,20.000000,45.000000,15.000000,5.000000,5.000000,5.000000,Silicon,1.000000,Empty,0.000000,Silicon,1.000000,125.000000,125.000000
5,9,3,25.000000,45.000000,15.000000,5.000000,5.000000,5.000000,Silicon,1.000000,Empty,0.000000,Silicon,1.000000,125.000000,125.000000
6,9,3,30.000000,45.000000,15.000000,5.000000,5.000000,5.000000,Silicon,1.000000,Empty,0.000000,Silicon,1.000000,125.000000,125.000000
7,9,3,35.000000,45.000000,15.000000,5.000000,5.000000,5.000000,Silicon,1.000000,Empty,0.000000,Silicon,1.000000,125.000000,125.000000
8,9,3,40.000000,45.000000,15.000000,5.000000,5.000000,5.000000,Silicon,1.000000,Empty,0.000000,Silicon,1.000000,125.000000,125.000000
9,9,3,45.000000,45.000000,15.000000,5.000000,5.000000,5.000000,Silicon,1.000000,Empty,0.000000,Silicon,1.000000,125.000000,125.000000
0,0,4,0.000000,0.000000,20.000000,5.000000,5.000000,5.000000,Silicon,1.000000,Empty,0.000000,Silicon,1.000000,125.000000,125.000000
1,0,4,5.000000,0.000000,20.000000,5.000000,5.000000,5.000000,Silicon,1.000000,Empty,0.000000,Silicon,1.000000,125.000000,125.000000
2,0,4,10.000000,0.000000,20.000000,5.000000,5.000000,5.000000,Silicon,1.000000,Empty,0.000000,Silicon,1.000000,125.000000,125.000000
3,0,4,15.000000,0.000000,20.000000,5.000000,5.000000,5.000000,Silicon,1.000000,Empty,0.000000,Silicon,1.000000,125.000000,125.000000
4,0,4,20.000000,0.000000,20.000000,5.000000,5.000000,5.000000,Silicon,1.000000,Empty,0.000000,Silicon,1.000000,125.000000,125.000000
5,0,4,25.000000,0.000000,20.000000,5.000000,5.000000,5.000000,Silicon,1.000000,Empty,0.000000,Silicon,1.000000,125.000000,125.000000
6,0,4,30.000000,0.000000,20.000000,5.000000,5.000000,5.000000,Silicon,1.000000,Empty,0.000000,Silicon,1.000000,125.000000,125.000000
7,0,4,35.000000,0.000000,20.000000,5.000000,5.000000,5.000000,Silicon,1.000000,Empty,0.000000,Silicon,1.000000,125.000000,125.000000
8,0,4,40.000000,0.000000,20.000000,5.000000,5.000000,5.000000,Silicon,1.000000,Empty,0.000000,Silicon,1.000000,125.000000,125.000000
9,0,4,45.000000,0.000000,20.000000,5.000000,5.000000,5.000000,Silicon,1.000000,Empty,0.000000,Silicon,1.000000,125.000000,125.000000
0,1,4,0.000000,5.000000,20.000000,5.000000,5.000000,5.000000,Silicon,1.000000,Empty,0.000000,Silicon,1.000000,125.000000,125.000000
1,1,4,5.000000,5.000000,20.000000,5.000000,5.000000,5.000000,Silicon,1.000000,Empty,0.000000,Silicon,1.000000,125.000000,125.000000
2,1,4,10.000000,5.000000,20.000000,5.000000,5.000000,5.000000,Silicon,1.000000,Empty,0.000000,Silicon,1.000000,125.000000,125.000000
3,1,4,15.000000,5.000000,20.000000,5.000000,5.000000,5.000000,Silicon,1.000000,Empty,0.000000,Silicon,1.000000,125.000000,125.000000
4,1,4,20.000000,5.000000,20.000000,5.000000,5.000000,5.000000,Silicon,1.000000,Empty,0.000000,Silicon,1.000000,125.000000,125.000000
5,1,4,25.000000,5.000000,20.000000,5.000000,5.000000,5.000000,Silicon,1.000000,Empty,0.000000,Silicon,1.000000,125.000000,125.000000
6,1,4,30.000000,5.000000,20.000000,5.000000,5.000000,5.000000,Silicon,1.000000,Empty,0.000000,Silicon,1.000000,125.000000,125.000000
7,1,4,35.000000,5.000000,20.000000,5.000000,5.000000,5.000000,Silicon,1.000000,Empty,0.000000,Silicon,1.000000,125.000000,125.000000
8,1,4,40.000000,5.000000,20.000000,5.000000,5.000000,5.000000,Silicon,1.000000,Empty,0.000000,Silicon,1.000000,125.000000,125.000000
9,1,4,45.000000,5.000000,20.000000,5.000000,5.000000,5.000000,Silicon,1.000000,Empty,0.000000,Silicon,1.000000,125.000000,125.000000
0,2,4,0.000000,10.000000,20.000000,5.000000,5.000000,5.000000,Silicon,1.000000,Empty,0.000000,Silicon,1.000000,125.000000,125.000000
1,2,4,5.000000,10.000000,20.000000,5.000000,5.000000,5.000000,Silicon,1.000000,Empty,0.000000,Silicon,1.000000,125.000000,125.000000
2,2,4,10.000000,10.000000,20.000000,5.000000,5.000000,5.000000,Silicon,1.000000,Empty,0.000000,Silicon,1.000000,125.000000,125.000000
3,2,4,15.000000,10.000000,20.000000,5.000000,5.000000,5.000000,Silicon,1.000000,Empty,0.000000,Silicon,1.000000,125.000000,125.000000
4,2,4,20.000000,10.000000,20.000000,5.000000,5.000000,5.000000,Silicon,1.000000,Empty,0.000000,Silicon,1.000000,125.000000,125.000000
5,2,4,25.000000,10.000000,20.000000,5.000000,5.000000,5.000000,Silicon,1.000000,Empty,0.000000,Silicon,1.000000,125.000000,125.000000
6,2,4,30.000000,10.000000,20.000000,5.000000,5.000000,5.000000,Silicon,1.000000,Empty,0.000000,Silicon,1.000000,125.000000,125.000000
7,2,4,35.000000,10.000000,20.000000,5.000000,5.000000,5.000000,Silicon,1.000000,Empty,0.000000,Silicon,1.000000,125.000000,125.000000
8,2,4,40.000000,10.000000,20.000000,5.000000,5.000000,5.000000,Silicon,1.000000,Empty,0.000000,Silicon,1.000000,125.000000,125.000000
9,2,4,45.000000,10.000000,20.000000,5.000000,5.000000,5.000000,Silicon,1.000000,Empty,0.000000,Silicon,1.000000,125.000000,125.000000
0,3,4,0.000000,15.000000,20.000000,5.000000,5.000000,5.000000,Silicon,1.000000,Empty,0.000000,Silicon,1.000000,125.000000,125.000000
1,3,4,5.000000,15.000000,20.000000,5.000000,5.000000,5.000000,Silicon,1.000000,Empty,0.000000,Silicon,1.000000,125.000000,125.000000
2,3,4,10.000000,15.000000,20.000000,5.000000,5.000000,5.000000,Silicon,1.000000,Empty,0.000000,Silicon,1.000000,125.000000,125.000000
3,3,4,15.000000,15.000000,20.000000,5.000000,5.000000,5.000000,Oxide,0.400000,Empty,0.000000,Oxide,0.400000,125.000000,50.000000
4,3,4,20.000000,15.000000,20.000000,5.000000,5.000000,5.000000,Oxide,0.400000,Empty,0.000000,Oxide,0.400000,125.000000,50.000000
5,3,4,25.000000,15.000000,20.000000,5.000000,5.000000,5.000000,Oxide,0.400000,Empty,0.000000,Oxide,0.400000,125.000000,50.000000
6,3,4,30.000000,15.000000,20.000000,5.000000,5.000000,5.000000,Oxide,0.400000,Empty,0.000000,Oxide,0.400000,125.000000,50.000000
7,3,4,35.000000,15.000000,20.000000,5.000000,5.000000,5.000000,Silicon,1.000000,Empty,0.000000,Silicon,1.000000,125.000000,125.000000
8,3,4,40.000000,15.000000,20.000000,5.000000,5.000000,5.000000,Silicon,1.000000,Empty,0.000000,Silicon,1.000000,125.000000,125.000000
9,3,4,45.000000,15.000000,20.000000,5.000000,5.000000,5.000000,Silicon,1.000000,Empty,0.000000,Silicon,1.000000,125.000000,125.000000
0,4,4,0.000000,20.000000,20.000000,5.000000,5.000000,5.000000,Silicon,1.000000,Empty,0.000000,Silicon,1.000000,125.000000,125.000000
1,4,4,5.000000,20.000000,20.000000,5.000000,5.000000,5.000000,Silicon,1.000000,Empty,0.000000,Silicon,1.000000,125.000000,125.000000
2,4,4,10.000000,20.000000,20.000000,5.000000,5.000000,5.000000,Silicon,1.000000,Empty,0.000000,Silicon,1.000000,125.000000,125.000000
3,4,4,15.000000,20.000000,20.000000,5.000000,5.000000,5.000000,Oxide,0.400000,Empty,0.000000,Oxide,0.400000,125.000000,50.000000
4,4,4,20.000000,20.000000,20.000000,5.000000,5.000000,5.000000,Oxide,0.400000,Empty,0.000000,Oxide,0.400000,125.000000,50.000000
5,4,4,25.000000,20.000000,20.000000,5.000000,5.000000,5.000000,Oxide,0.400000,Empty,0.000000,Oxide,0.400000,125.000000,50.000000
6,4,4,30.000000,20.000000,20.000000,5.000000,5.000000,5.000000,Oxide,0.400000,Empty,0.000000,Oxide,0.400000,125.000000,50.000000
7,4,4,35.000000,20.000000,20.000000,5.000000,5.000000,5.000000,Silicon,1.000000,Empty,0.000000,Silicon,1.000000,125.000000,125.000000
8,4,4,40.000000,20.000000,20.000000,5.000000,5.000000,5.000000,Silicon,1.000000,Empty,0.000000,Silicon,1.000000,125.000000,125.000000
9,4,4,45.000000,20.000000,20.000000,5.000000,5.000000,5.000000,Silicon,1.000000,Empty,0.000000,Silicon,1.000000,125.000000,125.000000
0,5,4,0.000000,25.000000,20.000000,5.000000,5.000000,5.000000,Silicon,1.000000,Empty,0.000000,Silicon,1.000000,125.000000,125.000000
1,5,4,5.000000,25.000000,20.000000,5.000000,5.000000,5.000000,Silicon,1.000000,Empty,0.000000,Silicon,1.000000,125.000000,125.000000
2,5,4,10.000000,25.000000,20.000000,5.000000,5.000000,5.000000,Silicon,1.000000,Empty,0.000000,Silicon,1.000000,125.000000,125.000000
3,5,4,15.000000,25.000000,20.000000,5.000000,5.000000,5.000000,Oxide,0.400000,Empty,0.000000,Oxide,0.400000,125.000000,50.000000
4,5,4,20.000000,25.000000,20.000000,5.000000,5.000000,5.000000,Oxide,0.400000,Empty,0.000000,Oxide,0.400000,125.000000,50.000000
5,5,4,25.000000,25.000000,20.000000,5.000000,5.000000,5.000000,Oxide,0.400000,Empty,0.000000,Oxide,0.400000,125.000000,50.000000
6,5,4,30.000000,25.000000,20.000000,5.000000,5.000000,5.000000,Oxide,0.400000,Empty,0.000000,Oxide,0.400000,125.000000,50.000000
7,5,4,35.000000,25.000000,20.000000,5.000000,5.000000,5.000000,Silicon,1.000000,Empty,0.000000,Silicon,1.000000,125.000000,125.000000
8,5,4,40.000000,25.000000,20.000000,5.000000,5.000000,5.000000,Silicon,1.000000,Empty,0.000000,Silicon,1.000000,125.000000,125.000000
9,5,4,45.000000,25.000000,20.000000,5.000000,5.000000,5.000000,Silicon,1.000000,Empty,0.000000,Silicon,1.000000,125.000000,125.000000
0,6,4,0.000000,30.000000,20.000000,5.000000,5.000000,5.000000,Silicon,1.000000,Empty,0.000000,Silicon,1.000000,125.000000,125.000000
1,6,4,5.000000,30.000000,20.000000,5.000000,5.000000,5.000000,Silicon,1.000000,Empty,0.000000,Silicon,1.000000,125.000000,125.000000
2,6,4,10.000000,30.000000,20.000000,5.000000,5.000000,5.000000,Silicon,1.000000,Empty,0.000000,Silicon,1.000000,125.000000,125.000000
3,6,4,15.000000,30.000000,20.000000,5.000000,5.000000,5.000000,Oxide,0.400000,Empty,0.000000,Oxide,0.400000,125.000000,50.000000
4,6,4,20.000000,30.000000,20.000000,5.000000,5.000000,5.000000,Oxide,0.400000,Empty,0.000000,Oxide,0.400000,125.000000,50.000000
5,6,4,25.000000,30.000000,20.000000,5.000000,5.000000,5.000000,Oxide,0.400000,Empty,0.000000,Oxide,0.400000,125.000000,50.000000
6,6,4,30.000000,30.000000,20.000000,5.000000,5.000000,5.000000,Oxide,0.400000,Empty,0.000000,Oxide,0.400000,125.000000,50.000000
7,6,4,35.000000,30.000000,20.000000,5.000000,5.000000,5.000000,Silicon,1.000000,Empty,0.000000,Silicon,1.000000,125.000000,125.000000
8,6,4,40.000000,30.000000,20.000000,5.000000,5.000000,5.000000,Silicon,1.000000,Empty,0.000000,Silicon,1.000000,125.000000,125.000000
9,6,4,45.000000,30.000000,20.000000,5.000000,5.000000,5.000000,Silicon,1.000000,Empty,0.000000,Silicon,1.000000,125.000000,125.000000
0,7,4,0.000000,35.000000,20.000000,5.000000,5.000000,5.000000,Silicon,1.000000,Empty,0.000000,Silicon,1.000000,125.000000,125.000000
1,7,4,5.000000,35.000000,20.000000,5.000000,5.000000,5.000000,Silicon,1.000000,Empty,0.000000,Silicon,1.000000,125.000000,125.000000
2,7,4,10.000000,35.000000,20.000000,5.000000,5.000000,5.000000,Silicon,1.000000,Empty,0.000000,Silicon,1.000000,125.000000,125.000000
3,7,4,15.000000,35.000000,20.000000,5.000000,5.000000,5.000000,Silicon,1.000000,Empty,0.000000,Silicon,1.000000,125.000000,125.000000
4,7,4,20.000000,35.000000,20.000000,5.000000,5.000000,5.000000,Silicon,1.000000,Empty,0.000000,Silicon,1.000000,125.000000,125.000000
5,7,4,25.000000,35.000000,20.000000,5.000000,5.000000,5.000000,Silicon,1.000000,Empty,0.000000,Silicon,1.000000,125.000000,125.000000
6,7,4,30.000000,35.000000,20.000000,5.000000,5.000000,5.000000,Silicon,1.000000,Empty,0.000000,Silicon,1.000000,125.000000,125.000000
7,7,4,35.000000,35.000000,20.000000,5.000000,5.000000,5.000000,Silicon,1.000000,Empty,0.000000,Silicon,1.000000,125.000000,125.000000
8,7,4,40.000000,35.000000,20.000000,5.000000,5.000000,5.000000,Silicon,1.000000,Empty,0.000000,Silicon,1.000000,125.000000,125.000000
9,7,4,45.000000,35.000000,20.000000,5.000000,5.000000,5.000000,Silicon,1.000000,Empty,0.000000,Silicon,1.000000,125.000000,125.000000
0,8,4,0.000000,40.000000,20.000000,5.000000,5.000000,5.000000,Silicon,1.000000,Empty,0.000000,Silicon,1.000000,125.000000,125.000000
1,8,4,5.000000,40.000000,20.000000,5.000000,5.000000,5.000000,Silicon,1.000000,Empty,0.000000,Silicon,1.000000,125.000000,125.000000
2,8,4,10.000000,40.000000,20.000000,5.000000,5.000000,5.000000,Silicon,1.000000,Empty,0.000000,Silicon,1.000000,125.000000,125.000000
3,8,4,15.000000,40.000000,20.000000,5.000000,5.000000,5.000000,Silicon,1.000000,Empty,0.000000,Silicon,1.000000,125.000000,125.000000
4,8,4,20.000000,40.000000,20.000000,5.000000,5.000000,5.000000,Silicon,1.000000,Empty,0.000000,Silicon,1.000000,125.000000,125.000000
5,8,4,25.000000,40.000000,20.000000,5.000000,5.000000,5.000000,Silicon,1.000000,Empty,0.000000,Silicon,1.000000,125.000000,125.000000
6,8,4,30.000000,40.000000,20.000000,5.000000,5.000000,5.000000,Silicon,1.000000,Empty,0.000000,Silicon,1.000000,125.000000,125.000000
7,8,4,35.000000,40.000000,20.000000,5.000000,5.000000,5.000000,Silicon,1.000000,Empty,0.000000,Silicon,1.000000,125.000000,125.000000
8,8,4,40.000000,40.000000,20.000000,5.000000,5.000000,5.000000,Silicon,1.000000,Empty,0.000000,Silicon,1.000000,125.000000,125.000000
9,8,4,45.000000,40.000000,20.000000,5.000000,5.000000,5.000000,Silicon,1.000000,Empty,0.000000,Silicon,1.000000,125.000000,125.000000
0,9,4,0.000000,45.000000,20.000000,5.000000,5.000000,5.000000,Silicon,1.000000,Empty,0.000000,Silicon,1.000000,125.000000,125.000000
1,9,4,5.000000,45.000000,20.000000,5.000000,5.000000,5.000000,Silicon,1.000000,Empty,0.000000,Silicon,1.000000,125.000000,125.000000
2,9,4,10.000000,45.000000,20.000000,5.000000,5.000000,5.000000,Silicon,1.000000,Empty,0.000000,Silicon,1.000000,125.000000,125.000000
3,9,4,15.000000,45.000000,20.000000,5.000000,5.000000,5.000000,Silicon,1.000000,Empty,0.000000,Silicon,1.000000,125.000000,125.000000
4,9,4,20.000000,45.000000,20.000000,5.000000,5.000000,5.000000,Silicon,1.000000,Empty,0.000000,Silicon,1.000000,125.000000,125.000000
5,9,4,25.000000,45.000000,20.000000,5.000000,5.000000,5.000000,Silicon,1.000000,Empty,0.000000,Silicon,1.000000,125.000000,125.000000
6,9,4,30.000000,45.000000,20.000000,5.000000,5.000000,5.000000,Silicon,1.000000,Empty,0.000000,Silicon,1.000000,125.000000,125.000000
7,9,4,35.000000,45.000000,20.000000,5.000000,5.000000,5.000000,Silicon,1.000000,Empty,0.000000,Silicon,1.000000,125.000000,125.000000
8,9,4,40.000000,45.000000,20.000000,5.000000,5.000000,5.000000,Silicon,1.000000,Empty,0.000000,Silicon,1.000000,125.000000,125.000000
9,9,4,45.000000,45.000000,20.000000,5.000000,5.000000,5.000000,Silicon,1.000000,Empty,0.000000,Silicon,1.000000,125.000000,125.000000
0,0,5,0.000000,0.000000,25.000000,5.000000,5.000000,5.000000,Empty,0.000000,Empty,0.000000,Empty,0.000000,125.000000,0.000000
1,0,5,5.000000,0.000000,25.000000,5.000000,5.000000,5.000000,Empty,0.000000,Empty,0.000000,Empty,0.000000,125.000000,0.000000
2,0,5,10.000000,0.000000,25.000000,5.000000,5.000000,5.000000,Empty,0.000000,Empty,0.000000,Empty,0.000000,125.000000,0.000000
3,0,5,15.000000,0.000000,25.000000,5.000000,5.000000,5.000000,Empty,0.000000,Empty,0.000000,Empty,0.000000,125.000000,0.000000
4,0,5,20.000000,0.000000,25.000000,5.000000,5.000000,5.000000,Empty,0.000000,Empty,0.000000,Empty,0.000000,125.000000,0.000000
5,0,5,25.000000,0.000000,25.000000,5.000000,5.000000,5.000000,Empty,0.000000,Empty,0.000000,Empty,0.000000,125.000000,0.000000
6,0,5,30.000000,0.000000,25.000000,5.000000,5.000000,5.000000,Empty,0.000000,Empty,0.000000,Empty,0.000000,125.000000,0.000000
7,0,5,35.000000,0.000000,25.000000,5.000000,5.000000,5.000000,Empty,0.000000,Empty,0.000000,Empty,0.000000,125.000000,0.000000
8,0,5,40.000000,0.000000,25.000000,5.000000,5.000000,5.000000,Empty,0.000000,Empty,0.000000,Empty,0.000000,125.000000,0.000000
9,0,5,45.000000,0.000000,25.000000,5.000000,5.000000,5.000000,Empty,0.000000,Empty,0.000000,Empty,0.000000,125.000000,0.000000
0,1,5,0.000000,5.000000,25.000000,5.000000,5.000000,5.000000,Empty,0.000000,Empty,0.000000,Empty,0.000000,125.000000,0.000000
1,1,5,5.000000,5.000000,25.000000,5.000000,5.000000,5.000000,Empty,0.000000,Empty,0.000000,Empty,0.000000,125.000000,0.000000
2,1,5,10.000000,5.000000,25.000000,5.000000,5.000000,5.000000,Empty,0.000000,Empty,0.000000,Empty,0.000000,125.000000,0.000000
3,1,5,15.000000,5.000000,25.000000,5.000000,5.000000,5.000000,Empty,0.000000,Empty,0.000000,Empty,0.000000,125.000000,0.000000
4,1,5,20.000000,5.000000,25.000000,5.000000,5.000000,5.000000,Empty,0.000000,Empty,0.000000,Empty,0.000000,125.000000,0.000000
5,1,5,25.000000,5.000000,25.000000,5.000000,5.000000,5.000000,Empty,0.000000,Empty,0.000000,Empty,0.000000,125.000000,0.000000
6,1,5,30.000000,5.000000,25.000000,5.000000,5.000000,5.000000,Empty,0.000000,Empty,0.000000,Empty,0.000000,125.000000,0.000000
7,1,5,35.000000,5.000000,25.000000,5.000000,5.000000,5.000000,Empty,0.000000,Empty,0.000000,Empty,0.000000,125.000000,0.000000
8,1,5,40.000000,5.000000,25.000000,5.000000,5.000000,5.000000,Empty,0.000000,Empty,0.000000,Empty,0.000000,125.000000,0.000000
9,1,5,45.000000,5.000000,25.000000,5.000000,5.000000,5.000000,Empty,0.000000,Empty,0.000000,Empty,0.000000,125.000000,0.000000
0,2,5,0.000000,10.000000,25.000000,5.000000,5.000000,5.000000,Empty,0.000000,Empty,0.000000,Empty,0.000000,125.000000,0.000000
1,2,5,5.000000,10.000000,25.000000,5.000000,5.000000,5.000000,Empty,0.000000,Empty,0.000000,Empty,0.000000,125.000000,0.000000
2,2,5,10.000000,10.000000,25.000000,5.000000,5.000000,5.000000,Empty,0.000000,Empty,0.000000,Empty,0.000000,125.000000,0.000000
3,2,5,15.000000,10.000000,25.000000,5.000000,5.000000,5.000000,Empty,0.000000,Empty,0.000000,Empty,0.000000,125.000000,0.000000
4,2,5,20.000000,10.000000,25.000000,5.000000,5.000000,5.000000,Empty,0.000000,Empty,0.000000,Empty,0.000000,125.000000,0.000000
5,2,5,25.000000,10.000000,25.000000,5.000000,5.000000,5.000000,Empty,0.000000,Empty,0.000000,Empty,0.000000,125.000000,0.000000
6,2,5,30.000000,10.000000,25.000000,5.000000,5.000000,5.000000,Empty,0.000000,Empty,0.000000,Empty,0.000000,125.000000,0.000000
7,2,5,35.000000,10.000000,25.000000,5.000000,5.000000,5.000000,Empty,0.000000,Empty,0.000000,Empty,0.000000,125.000000,0.000000
8,2,5,40.000000,10.000000,25.000000,5.000000,5.000000,5.000000,Empty,0.000000,Empty,0.000000,Empty,0.000000,125.000000,0.000000
9,2,5,45.000000,10.000000,25.000000,5.000000,5.000000,5.000000,Empty,0.000000,Empty,0.000000,Empty,0.000000,125.000000,0.000000
0,3,5,0.000000,15.000000,25.000000,5.000000,5.000000,5.000000,Empty,0.000000,Empty,0.000000,Empty,0.000000,125.000000,0.000000
1,3,5,5.000000,15.000000,25.000000,5.000000,5.000000,5.000000,Empty,0.000000,Empty,0.000000,Empty,0.000000,125.000000,0.000000
2,3,5,10.000000,15.000000,25.000000,5.000000,5.000000,5.000000,Empty,0.000000,Empty,0.000000,Empty,0.000000,125.000000,0.000000
3,3,5,15.000000,15.000000,25.000000,5.000000,5.000000,5.000000,Empty,0.000000,Empty,0.000000,Empty,0.000000,125.000000,0.000000
4,3,5,20.000000,15.000000,25.000000,5.000000,5.000000,5.000000,Empty,0.000000,Empty,0.000000,Empty,0.000000,125.000000,0.000000
5,3,5,25.000000,15.000000,25.000000,5.000000,5.000000,5.000000,Empty,0.000000,Empty,0.000000,Empty,0.000000,125.000000,0.000000
6,3,5,30.000000,15.000000,25.000000,5.000000,5.000000,5.000000,Empty,0.000000,Empty,0.000000,Empty,0.000000,125.000000,0.000000
7,3,5,35.000000,15.000000,25.000000,5.000000,5.000000,5.000000,Empty,0.000000,Empty,0.000000,Empty,0.000000,125.000000,0.000000
8,3,5,40.000000,15.000000,25.000000,5.000000,5.000000,5.000000,Empty,0.000000,Empty,0.000000,Empty,0.000000,125.000000,0.000000
9,3,5,45.000000,15.000000,25.000000,5.000000,5.000000,5.000000,Empty,0.000000,Empty,0.000000,Empty,0.000000,125.000000,0.000000
0,4,5,0.000000,20.000000,25.000000,5.000000,5.000000,5.000000,Empty,0.000000,Empty,0.000000,Empty,0.000000,125.000000,0.000000
1,4,5,5.000000,20.000000,25.000000,5.000000,5.000000,5.000000,Empty,0.000000,Empty,0.000000,Empty,0.000000,125.000000,0.000000
2,4,5,10.000000,20.000000,25.000000,5.000000,5.000000,5.000000,Empty,0.000000,Empty,0.000000,Empty,0.000000,125.000000,0.000000
3,4,5,15.000000,20.000000,25.000000,5.000000,5.000000,5.000000,Empty,0.000000,Empty,0.000000,Empty,0.000000,125.000000,0.000000
4,4,5,20.000000,20.000000,25.000000,5.000000,5.000000,5.000000,Empty,0.000000,Empty,0.000000,Empty,0.000000,125.000000,0.000000
5,4,5,25.000000,20.000000,25.000000,5.000000,5.000000,5.000000,Empty,0.000000,Empty,0.000000,Empty,0.000000,125.000000,0.000000
6,4,5,30.000000,20.000000,25.000000,5.000000,5.000000,5.000000,Empty,0.000000,Empty,0.000000,Empty,0.000000,125.000000,0.000000
7,4,5,35.000000,20.000000,25.000000,5.000000,5.000000,5.000000,Empty,0.000000,Empty,0.000000,Empty,0.000000,125.000000,0.000000
8,4,5,40.000000,20.000000,25.000000,5.000000,5.000000,5.000000,Empty,0.000000,Empty,0.000000,Empty,0.000000,125.000000,0.000000
9,4,5,45.000000,20.000000,25.000000,5.000000,5.000000,5.000000,Empty,0.000000,Empty,0.000000,Empty,0.000000,125.000000,0.000000
0,5,5,0.000000,25.000000,25.000000,5.000000,5.000000,5.000000,Empty,0.000000,Empty,0.000000,Empty,0.000000,125.000000,0.000000
1,5,5,5.000000,25.000000,25.000000,5.000000,5.000000,5.000000,Empty,0.000000,Empty,0.000000,Empty,0.000000,125.000000,0.000000
2,5,5,10.000000,25.000000,25.000000,5.000000,5.000000,5.000000,Empty,0.000000,Empty,0.000000,Empty,0.000000,125.000000,0.000000
3,5,5,15.000000,25.000000,25.000000,5.000000,5.000000,5.000000,Empty,0.000000,Empty,0.000000,Empty,0.000000,125.000000,0.000000
4,5,5,20.000000,25.000000,25.000000,5.000000,5.000000,5.000000,Empty,0.000000,Empty,0.000000,Empty,0.000000,125.000000,0.000000
5,5,5,25.000000,25.000000,25.000000,5.000000,5.000000,5.000000,Empty,0.000000,Empty,0.000000,Empty,0.000000,125.000000,0.000000
6,5,5,30.000000,25.000000,25.000000,5.000000,5.000000,5.000000,Empty,0.000000,Empty,0.000000,Empty,0.000000,125.000000,0.000000
7,5,5,35.000000,25.000000,25.000000,5.000000,5.000000,5.000000,Empty,0.000000,Empty,0.000000,Empty,0.000000,125.000000,0.000000
8,5,5,40.000000,25.000000,25.000000,5.000000,5.000000,5.000000,Empty,0.000000,Empty,0.000000,Empty,0.000000,125.000000,0.000000
9,5,5,45.000000,25.000000,25.000000,5.000000,5.000000,5.000000,Empty,0.000000,Empty,0.000000,Empty,0.000000,125.000000,0.000000
0,6,5,0.000000,30.000000,25.000000,5.000000,5.000000,5.000000,Empty,0.000000,Empty,0.000000,Empty,0.000000,125.000000,0.000000
1,6,5,5.000000,30.000000,25.000000,5.000000,5.000000,5.000000,Empty,0.000000,Empty,0.000000,Empty,0.000000,125.000000,0.000000
2,6,5,10.000000,30.000000,25.000000,5.000000,5.000000,5.000000,Empty,0.000000,Empty,0.000000,Empty,0.000000,125.000000,0.000000
3,6,5,15.000000,30.000000,25.000000,5.000000,5.000000,5.000000,Empty,0.000000,Empty,0.000000,Empty,0.000000,125.000000,0.000000
4,6,5,20.000000,30.000000,25.000000,5.000000,5.000000,5.000000,Empty,0.000000,Empty,0.000000,Empty,0.000000,125.000000,0.000000
5,6,5,25.000000,30.000000,25.000000,5.000000,5.000000,5.000000,Empty,0.000000,Empty,0.000000,Empty,0.000000,125.000000,0.000000
6,6,5,30.000000,30.000000,25.000000,5.000000,5.000000,5.000000,Empty,0.000000,Empty,0.000000,Empty,0.000000,125.000000,0.000000
7,6,5,35.000000,30.000000,25.000000,5.000000,5.000000,5.000000,Empty,0.000000,Empty,0.000000,Empty,0.000000,125.000000,0.000000
8,6,5,40.000000,30.000000,25.000000,5.000000,5.000000,5.000000,Empty,0.000000,Empty,0.000000,Empty,0.000000,125.000000,0.000000
9,6,5,45.000000,30.000000,25.000000,5.000000,5.000000,5.000000,Empty,0.000000,Empty,0.000000,Empty,0.000000,125.000000,0.000000
0,7,5,0.000000,35.000000,25.000000,5.000000,5.000000,5.000000,Empty,0.000000,Empty,0.000000,Empty,0.000000,125.000000,0.000000
1,7,5,5.000000,35.000000,25.000000,5.000000,5.000000,5.000000,Empty,0.000000,Empty,0.000000,Empty,0.000000,125.000000,0.000000
2,7,5,10.000000,35.000000,25.000000,5.000000,5.000000,5.000000,Empty,0.000000,Empty,0.000000,Empty,0.000000,125.000000,0.000000
3,7,5,15.000000,35.000000,25.000000,5.000000,5.000000,5.000000,Empty,0.000000,Empty,0.000000,Empty,0.000000,125.000000,0.000000
4,7,5,20.000000,35.000000,25.000000,5.000000,5.000000,5.000000,Empty,0.000000,Empty,0.000000,Empty,0.000000,125.000000,0.000000
5,7,5,25.000000,35.000000,25.000000,5.000000,5.000000,5.000000,Empty,0.000000,Empty,0.000000,Empty,0.000000,125.000000,0.000000
6,7,5,30.000000,35.000000,25.000000,5.000000,5.000000,5.000000,Empty,0.000000,Empty,0.000000,Empty,0.000000,125.000000,0.000000
7,7,5,35.000000,35.000000,25.000000,5.000000,5.000000,5.000000,Empty,0.000000,Empty,0.000000,Empty,0.000000,125.000000,0.000000
8,7,5,40.000000,35.000000,25.000000,5.000000,5.000000,5.000000,Empty,0.000000,Empty,0.000000,Empty,0.000000,125.000000,0.000000
9,7,5,45.000000,35.000000,25.000000,5.000000,5.000000,5.000000,Empty,0.000000,Empty,0.000000,Empty,0.000000,125.000000,0.000000
0,8,5,0.000000,40.000000,25.000000,5.000000,5.000000,5.000000,Empty,0.000000,Empty,0.000000,Empty,0.000000,125.000000,0.000000
1,8,5,5.000000,40.000000,25.000000,5.000000,5.000000,5.000000,Empty,0.000000,Empty,0.000000,Empty,0.000000,125.000000,0.000000
2,8,5,10.000000,40.000000,25.000000,5.000000,5.000000,5.000000,Empty,0.000000,Empty,0.000000,Empty,0.000000,125.000000,0.000000
3,8,5,15.000000,40.000000,25.000000,5.000000,5.000000,5.000000,Empty,0.000000,Empty,0.000000,Empty,0.000000,125.000000,0.000000
4,8,5,20.000000,40.000000,25.000000,5.000000,5.000000,5.000000,Empty,0.000000,Empty,0.000000,Empty,0.000000,125.000000,0.000000
5,8,5,25.000000,40.000000,25.000000,5.000000,5.000000,5.000000,Empty,0.000000,Empty,0.000000,Empty,0.000000,125.000000,0.000000
6,8,5,30.000000,40.000000,25.000000,5.000000,5.000000,5.000000,Empty,0.000000,Empty,0.000000,Empty,0.000000,125.000000,0.000000
7,8,5,35.000000,40.000000,25.000000,5.000000,5.000000,5.000000,Empty,0.000000,Empty,0.000000,Empty,0.000000,125.000000,0.000000
8,8,5,40.000000,40.000000,25.000000,5.000000,5.000000,5.000000,Empty,0.000000,Empty,0.000000,Empty,0.000000,125.000000,0.000000
9,8,5,45.000000,40.000000,25.000000,5.000000,5.000000,5.000000,Empty,0.000000,Empty,0.000000,Empty,0.000000,125.000000,0.000000
0,9,5,0.000000,45.000000,25.000000,5.000000,5.000000,5.000000,Empty,0.000000,Empty,0.000000,Empty,0.000000,125.000000,0.000000
1,9,5,5.000000,45.000000,25.000000,5.000000,5.000000,5.000000,Empty,0.000000,Empty,0.000000,Empty,0.000000,125.000000,0.000000
2,9,5,10.000000,45.000000,25.000000,5.000000,5.000000,5.000000,Empty,0.000000,Empty,0.000000,Empty,0.000000,125.000000,0.000000
3,9,5,15.000000,45.000000,25.000000,5.000000,5.000000,5.000000,Empty,0.000000,Empty,0.000000,Empty,0.000000,125.000000,0.000000
4,9,5,20.000000,45.000000,25.000000,5.000000,5.000000,5.000000,Empty,0.000000,Empty,0.000000,Empty,0.000000,125.000000,0.000000
5,9,5,25.000000,45.000000,25.000000,5.000000,5.000000,5.000000,Empty,0.000000,Empty,0.000000,Empty,0.000000,125.000000,0.000000
6,9,5,30.000000,45.000000,25.000000,5.000000,5.000000,5.000000,Empty,0.000000,Empty,0.000000,Empty,0.000000,125.000000,0.000000
7,9,5,35.000000,45.000000,25.000000,5.000000,5.000000,5.000000,Empty,0.000000,Empty,0.000000,Empty,0.000000,125.000000,0.000000
8,9,5,40.000000,45.000000,25.000000,5.000000,5.000000,5.000000,Empty,0.000000,Empty,0.000000,Empty,0.000000,125.000000,0.000000
9,9,5,45.000000,45.000000,25.000000,5.000000,5.000000,5.000000,Empty,0.000000,Empty,0.000000,Empty,0.000000,125.000000,0.000000
0,0,6,0.000000,0.000000,30.000000,5.000000,5.000000,5.000000,Empty,0.000000,Empty,0.000000,Empty,0.000000,125.000000,0.000000
1,0,6,5.000000,0.000000,30.000000,5.000000,5.000000,5.000000,Empty,0.000000,Empty,0.000000,Empty,0.000000,125.000000,0.000000
2,0,6,10.000000,0.000000,30.000000,5.000000,5.000000,5.000000,Empty,0.000000,Empty,0.000000,Empty,0.000000,125.000000,0.000000
3,0,6,15.000000,0.000000,30.000000,5.000000,5.000000,5.000000,Empty,0.000000,Empty,0.000000,Empty,0.000000,125.000000,0.000000
4,0,6,20.000000,0.000000,30.000000,5.000000,5.000000,5.000000,Empty,0.000000,Empty,0.000000,Empty,0.000000,125.000000,0.000000
5,0,6,25.000000,0.000000,30.000000,5.000000,5.000000,5.000000,Empty,0.000000,Empty,0.000000,Empty,0.000000,125.000000,0.000000
6,0,6,30.000000,0.000000,30.000000,5.000000,5.000000,5.000000,Empty,0.000000,Empty,0.000000,Empty,0.000000,125.000000,0.000000
7,0,6,35.000000,0.000000,30.000000,5.000000,5.000000,5.000000,Empty,0.000000,Empty,0.000000,Empty,0.000000,125.000000,0.000000
8,0,6,40.000000,0.000000,30.000000,5.000000,5.000000,5.000000,Empty,0.000000,Empty,0.000000,Empty,0.000000,125.000000,0.000000
9,0,6,45.000000,0.000000,30.000000,5.000000,5.000000,5.000000,Empty,0.000000,Empty,0.000000,Empty,0.000000,125.000000,0.000000
0,1,6,0.000000,5.000000,30.000000,5.000000,5.000000,5.000000,Empty,0.000000,Empty,0.000000,Empty,0.000000,125.000000,0.000000
1,1,6,5.000000,5.000000,30.000000,5.000000,5.000000,5.000000,Empty,0.000000,Empty,0.000000,Empty,0.000000,125.000000,0.000000
2,1,6,10.000000,5.000000,30.000000,5.000000,5.000000,5.000000,Empty,0.000000,Empty,0.000000,Empty,0.000000,125.000000,0.000000
3,1,6,15.000000,5.000000,30.000000,5.000000,5.000000,5.000000,Empty,0.000000,Empty,0.000000,Empty,0.000000,125.000000,0.000000
4,1,6,20.000000,5.000000,30.000000,5.000000,5.000000,5.000000,Empty,0.000000,Empty,0.000000,Empty,0.000000,125.000000,0.000000
5,1,6,25.000000,5.000000,30.000000,5.000000,5.000000,5.000000,Empty,0.000000,Empty,0.000000,Empty,0.000000,125.000000,0.000000
6,1,6,30.000000,5.000000,30.000000,5.000000,5.000000,5.000000,Empty,0.000000,Empty,0.000000,Empty,0.000000,125.000000,0.000000
7,1,6,35.000000,5.000000,30.000000,5.000000,5.000000,5.000000,Empty,0.000000,Empty,0.000000,Empty,0.000000,125.000000,0.000000
8,1,6,40.000000,5.000000,30.000000,5.000000,5.000000,5.000000,Empty,0.000000,Empty,0.000000,Empty,0.000000,125.000000,0.000000
9,1,6,45.000000,5.000000,30.000000,5.000000,5.000000,5.000000,Empty,0.000000,Empty,0.000000,Empty,0.000000,125.000000,0.000000
0,2,6,0.000000,10.000000,30.000000,5.000000,5.000000,5.000000,Empty,0.000000,Empty,0.000000,Empty,0.000000,125.000000,0.000000
1,2,6,5.000000,10.000000,30.000000,5.000000,5.000000,5.000000,Empty,0.000000,Empty,0.000000,Empty,0.000000,125.000000,0.000000
2,2,6,10.000000,10.000000,30.000000,5.000000,5.000000,5.000000,Empty,0.000000,Empty,0.000000,Empty,0.000000,125.000000,0.000000
3,2,6,15.000000,10.000000,30.000000,5.000000,5.000000,5.000000,Empty,0.000000,Empty,0.000000,Empty,0.000000,125.000000,0.000000
4,2,6,20.000000,10.000000,30.000000,5.000000,5.000000,5.000000,Empty,0.000000,Empty,0.000000,Empty,0.000000,125.000000,0.000000
5,2,6,25.000000,10.000000,30.000000,5.000000,5.000000,5.000000,Empty,0.000000,Empty,0.000000,Empty,0.000000,125.000000,0.000000
6,2,6,30.000000,10.000000,30.000000,5.000000,5.000000,5.000000,Empty,0.000000,Empty,0.000000,Empty,0.000000,125.000000,0.000000
7,2,6,35.000000,10.000000,30.000000,5.000000,5.000000,5.000000,Empty,0.000000,Empty,0.000000,Empty,0.000000,125.000000,0.000000
8,2,6,40.000000,10.000000,30.000000,5.000000,5.000000,5.000000,Empty,0.000000,Empty,0.000000,Empty,0.000000,125.000000,0.000000
9,2,6,45.000000,10.000000,30.000000,5.000000,5.000000,5.000000,Empty,0.000000,Empty,0.000000,Empty,0.000000,125.000000,0.000000
0,3,6,0.000000,15.000000,30.000000,5.000000,5.000000,5.000000,Empty,0.000000,Empty,0.000000,Empty,0.000000,125.000000,0.000000
1,3,6,5.000000,15.000000,30.000000,5.000000,5.000000,5.000000,Empty,0.000000,Empty,0.000000,Empty,0.000000,125.000000,0.000000
2,3,6,10.000000,15.000000,30.000000,5.000000,5.000000,5.000000,Empty,0.000000,Empty,0.000000,Empty,0.000000,125.000000,0.000000
3,3,6,15.000000,15.000000,30.000000,5.000000,5.000000,5.000000,Empty,0.000000,Empty,0.000000,Empty,0.000000,125.000000,0.000000
4,3,6,20.000000,15.000000,30.000000,5.000000,5.000000,5.000000,Empty,0.000000,Empty,0.000000,Empty,0.000000,125.000000,0.000000
5,3,6,25.000000,15.000000,30.000000,5.000000,5.000000,5.000000,Empty,0.000000,Empty,0.000000,Empty,0.000000,125.000000,0.000000
6,3,6,30.000000,15.000000,30.000000,5.000000,5.000000,5.000000,Empty,0.000000,Empty,0.000000,Empty,0.000000,125.000000,0.000000
7,3,6,35.000000,15.000000,30.000000,5.000000,5.000000,5.000000,Empty,0.000000,Empty,0.000000,Empty,0.000000,125.000000,0.000000
8,3,6,40.000000,15.000000,30.000000,5.000000,5.000000,5.000000,Empty,0.000000,Empty,0.000000,Empty,0.000000,125.000000,0.000000
9,3,6,45.000000,15.000000,30.000000,5.000000,5.000000,5.000000,Empty,0.000000,Empty,0.000000,Empty,0.000000,125.000000,0.000000
0,4,6,0.000000,20.000000,30.000000,5.000000,5.000000,5.000000,Empty,0.000000,Empty,0.000000,Empty,0.000000,125.000000,0.000000
1,4,6,5.000000,20.000000,30.000000,5.000000,5.000000,5.000000,Empty,0.000000,Empty,0.000000,Empty,0.000000,125.000000,0.000000
2,4,6,10.000000,20.000000,30.000000,5.000000,5.000000,5.000000,Empty,0.000000,Empty,0.000000,Empty,0.000000,125.000000,0.000000
3,4,6,15.000000,20.000000,30.000000,5.000000,5.000000,5.000000,Empty,0.000000,Empty,0.000000,Empty,0.000000,125.000000,0.000000
4,4,6,20.000000,20.000000,30.000000,5.000000,5.000000,5.000000,Empty,0.000000,Empty,0.000000,Empty,0.000000,125.000000,0.000000
5,4,6,25.000000,20.000000,30.000000,5.000000,5.000000,5.000000,Empty,0.000000,Empty,0.000000,Empty,0.000000,125.000000,0.000000
6,4,6,30.000000,20.000000,30.000000,5.000000,5.000000,5.000000,Empty,0.000000,Empty,0.000000,Empty,0.000000,125.000000,0.000000
7,4,6,35.000000,20.000000,30.000000,5.000000,5.000000,5.000000,Empty,0.000000,Empty,0.000000,Empty,0.000000,125.000000,0.000000
8,4,6,40.000000,20.000000,30.000000,5.000000,5.000000,5.000000,Empty,0.000000,Empty,0.000000,Empty,0.000000,125.000000,0.000000
9,4,6,45.000000,20.000000,30.000000,5.000000,5.000000,5.000000,Empty,0.000000,Empty,0.000000,Empty,0.000000,125.000000,0.000000
0,5,6,0.000000,25.000000,30.000000,5.000000,5.000000,5.000000,Empty,0.000000,Empty,0.000000,Empty,0.000000,125.000000,0.000000
1,5,6,5.000000,25.000000,30.000000,5.000000,5.000000,5.000000,Empty,0.000000,Empty,0.000000,Empty,0.000000,125.000000,0.000000
2,5,6,10.000000,25.000000,30.000000,5.000000,5.000000,5.000000,Empty,0.000000,Empty,0.000000,Empty,0.000000,125.000000,0.000000
3,5,6,15.000000,25.000000,30.000000,5.000000,5.000000,5.000000,Empty,0.000000,Empty,0.000000,Empty,0.000000,125.000000,0.000000
4,5,6,20.000000,25.000000,30.000000,5.000000,5.000000,5.000000,Empty,0.000000,Empty,0.000000,Empty,0.000000,125.000000,0.000000
5,5,6,25.000000,25.000000,30.000000,5.000000,5.000000,5.000000,Empty,0.000000,Empty,0.000000,Empty,0.000000,125.000000,0.000000
6,5,6,30.000000,25.000000,30.000000,5.000000,5.000000,5.000000,Empty,0.000000,Empty,0.000000,Empty,0.000000,125.000000,0.000000
7,5,6,35.000000,25.000000,30.000000,5.000000,5.000000,5.000000,Empty,0.000000,Empty,0.000000,Empty,0.000000,125.000000,0.000000
8,5,6,40.000000,25.000000,30.000000,5.000000,5.000000,5.000000,Empty,0.000000,Empty,0.000000,Empty,0.000000,125.000000,0.000000
9,5,6,45.000000,25.000000,30.000000,5.000000,5.000000,5.000000,Empty,0.000000,Empty,0.000000,Empty,0.000000,125.000000,0.000000
0,6,6,0.000000,30.000000,30.000000,5.000000,5.000000,5.000000,Empty,0.000000,Empty,0.000000,Empty,0.000000,125.000000,0.000000
1,6,6,5.000000,30.000000,30.000000,5.000000,5.000000,5.000000,Empty,0.000000,Empty,0.000000,Empty,0.000000,125.000000,0.000000
2,6,6,10.000000,30.000000,30.000000,5.000000,5.000000,5.000000,Empty,0.000000,Empty,0.000000,Empty,0.000000,125.000000,0.000000
3,6,6,15.000000,30.000000,30.000000,5.000000,5.000000,5.000000,Empty,0.000000,Empty,0.000000,Empty,0.000000,125.000000,0.000000
4,6,6,20.000000,30.000000,30.000000,5.000000,5.000000,5.000000,Empty,0.000000,Empty,0.000000,Empty,0.000000,125.000000,0.000000
5,6,6,25.000000,30.000000,30.000000,5.000000,5.000000,5.000000,Empty,0.000000,Empty,0.000000,Empty,0.000000,125.000000,0.000000
6,6,6,30.000000,30.000000,30.000000,5.000000,5.000000,5.000000,Empty,0.000000,Empty,0.000000,Empty,0.000000,125.000000,0.000000
7,6,6,35.000000,30.000000,30.000000,5.000000,5.000000,5.000000,Empty,0.000000,Empty,0.000000,Empty,0.000000,125.000000,0.000000
8,6,6,40.000000,30.000000,30.000000,5.000000,5.000000,5.000000,Empty,0.000000,Empty,0.000000,Empty,0.000000,125.000000,0.000000
9,6,6,45.000000,30.000000,30.000000,5.000000,5.000000,5.000000,Empty,0.000000,Empty,0.000000,Empty,0.000000,125.000000,0.000000
0,7,6,0.000000,35.000000,30.000000,5.000000,5.000000,5.000000,Empty,0.000000,Empty,0.000000,Empty,0.000000,125.000000,0.000000
1,7,6,5.000000,35.000000,30.000000,5.000000,5.000000,5.000000,Empty,0.000000,Empty,0.000000,Empty,0.000000,125.000000,0.000000
2,7,6,10.000000,35.000000,30.000000,5.000000,5.000000,5.000000,Empty,0.000000,Empty,0.000000,Empty,0.000000,125.000000,0.000000
3,7,6,15.000000,35.000000,30.000000,5.000000,5.000000,5.000000,Empty,0.000000,Empty,0.000000,Empty,0.000000,125.000000,0.000000
4,7,6,20.000000,35.000000,30.000000,5.000000,5.000000,5.000000,Empty,0.000000,Empty,0.000000,Empty,0.000000,125.000000,0.000000
5,7,6,25.000000,35.000000,30.000000,5.000000,5.000000,5.000000,Empty,0.000000,Empty,0.000000,Empty,0.000000,125.000000,0.000000
6,7,6,30.000000,35.000000,30.000000,5.000000,5.000000,5.000000,Empty,0.000000,Empty,0.000000,Empty,0.000000,125.000000,0.000000
7,7,6,35.000000,35.000000,30.000000,5.000000,5.000000,5.000000,Empty,0.000000,Empty,0.000000,Empty,0.000000,125.000000,0.000000
8,7,6,40.000000,35.000000,30.000000,5.000000,5.000000,5.000000,Empty,0.000000,Empty,0.000000,Empty,0.000000,125.000000,0.000000
9,7,6,45.000000,35.000000,30.000000,5.000000,5.000000,5.000000,Empty,0.000000,Empty,0.000000,Empty,0.000000,125.000000,0.000000
0,8,6,0.000000,40.000000,30.000000,5.000000,5.000000,5.000000,Empty,0.000000,Empty,0.000000,Empty,0.000000,125.000000,0.000000
1,8,6,5.000000,40.000000,30.000000,5.000000,5.000000,5.000000,Empty,0.000000,Empty,0.000000,Empty,0.000000,125.000000,0.000000
2,8,6,10.000000,40.000000,30.000000,5.000000,5.000000,5.000000,Empty,0.000000,Empty,0.000000,Empty,0.000000,125.000000,0.000000
3,8,6,15.000000,40.000000,30.000000,5.000000,5.000000,5.000000,Empty,0.000000,Empty,0.000000,Empty,0.000000,125.000000,0.000000
4,8,6,20.000000,40.000000,30.000000,5.000000,5.000000,5.000000,Empty,0.000000,Empty,0.000000,Empty,0.000000,125.000000,0.000000
5,8,6,25.000000,40.000000,30.000000,5.000000,5.000000,5.000000,Empty,0.000000,Empty,0.000000,Empty,0.000000,125.000000,0.000000
6,8,6,30.000000,40.000000,30.000000,5.000000,5.000000,5.000000,Empty,0.000000,Empty,0.000000,Empty,0.000000,125.000000,0.000000
7,8,6,35.000000,40.000000,30.000000,5.000000,5.000000,5.000000,Empty,0.000000,Empty,0.000000,Empty,0.000000,125.000000,0.000000
8,8,6,40.000000,40.000000,30.000000,5.000000,5.000000,5.000000,Empty,0.000000,Empty,0.000000,Empty,0.000000,125.000000,0.000000
9,8,6,45.000000,40.000000,30.000000,5.000000,5.000000,5.000000,Empty,0.000000,Empty,0.000000,Empty,0.000000,125.000000,0.000000
0,9,6,0.000000,45.000000,30.000000,5.000000,5.000000,5.000000,Empty,0.000000,Empty,0.000000,Empty,0.000000,125.000000,0.000000
1,9,6,5.000000,45.000000,30.000000,5.000000,5.000000,5.000000,Empty,0.000000,Empty,0.000000,Empty,0.000000,125.000000,0.000000
2,9,6,10.000000,45.000000,30.000000,5.000000,5.000000,5.000000,Empty,0.000000,Empty,0.000000,Empty,0.000000,125.000000,0.000000
3,9,6,15.000000,45.000000,30.000000,5.000000,5.000000,5.000000,Empty,0.000000,Empty,0.000000,Empty,0.000000,125.000000,0.000000
4,9,6,20.000000,45.000000,30.000000,5.000000,5.000000,5.000000,Empty,0.000000,Empty,0.000000,Empty,0.000000,125.000000,0.000000
5,9,6,25.000000,45.000000,30.000000,5.000000,5.000000,5.000000,Empty,0.000000,Empty,0.000000,Empty,0.000000,125.000000,0.000000
6,9,6,30.000000,45.000000,30.000000,5.000000,5.000000,5.000000,Empty,0.000000,Empty,0.000000,Empty,0.000000,125.000000,0.000000
7,9,6,35.000000,45.000000,30.000000,5.000000,5.000000,5.000000,Empty,0.000000,Empty,0.000000,Empty,0.000000,125.000000,0.000000
8,9,6,40.000000,45.000000,30.000000,5.000000,5.000000,5.000000,Empty,0.000000,Empty,0.000000,Empty,0.000000,125.000000,0.000000
9,9,6,45.000000,45.000000,30.000000,5.000000,5.000000,5.000000,Empty,0.000000,Empty,0.000000,Empty,0.000000,125.000000,0.000000
